dt,sunrise,sunset,moonrise,moonset,moon_phase,summary,pressure,humidity,dew_point,wind_speed,wind_deg,wind_gust,clouds,pop,uvi,temp.day,temp.min,temp.max,temp.night,temp.eve,temp.morn,feels_like.day,feels_like.night,feels_like.eve,feels_like.morn,rain,lat,lon,city,weather.id,weather.main,weather.description,weather.icon,date,icon_score,daily_score,city_score,city_score_normalized
1772708400,1772690604,1772731079,1772740620,1772692440,0.57,"You can expect clear sky in the morning, with partly cloudy in the afternoon",1021,54,3.24,1.49,18,1.92,0,0.0,2.16,13.33,2.04,15.25,9.56,12.97,2.29,12.13,9.56,11.81,2.29,,48.5846,7.7507,Strasbourg,800,Clear,clear sky,01d,2026-03-05 11:00:00,5,6,2.4285714285714284,1.0
1772794800,1772776883,1772817572,1772831280,1772779680,0.6,Expect a day of partly cloudy with clear spells,1022,61,5.06,3.72,11,6.79,91,0.0,1.75,12.29,6.91,14.79,8.53,11.98,7.12,11.17,7.65,10.93,7.12,,48.5846,7.7507,Strasbourg,804,Clouds,overcast clouds,04d,2026-03-06 11:00:00,2,2,2.4285714285714284,1.0
1772881200,1772863162,1772904064,1772922060,1772867040,0.63,There will be partly cloudy today,1024,59,5.01,2.66,9,4.74,70,0.0,1.77,12.8,6.07,15.31,9.49,12.86,6.33,11.68,9.49,11.9,6.33,,48.5846,7.7507,Strasbourg,803,Clouds,broken clouds,04d,2026-03-07 11:00:00,2,2,2.4285714285714284,1.0
1772967600,1772949440,1772990556,0,1772954580,0.66,Expect a day of partly cloudy with clear spells,1025,63,7.49,2.23,194,2.51,20,0.0,2.05,14.36,7.0,14.86,10.71,12.07,7.0,13.5,9.98,11.29,7.0,,48.5846,7.7507,Strasbourg,801,Clouds,few clouds,02d,2026-03-08 11:00:00,4,5,2.4285714285714284,1.0
1773054000,1773035717,1773077047,1773012720,1773042420,0.69,"You can expect partly cloudy in the morning, with rain in the afternoon",1024,66,8.53,2.01,196,2.6,99,0.24,2.14,14.85,7.84,15.71,11.73,12.82,7.84,14.11,11.05,12.06,7.03,0.15,48.5846,7.7507,Strasbourg,500,Rain,light rain,10d,2026-03-09 11:00:00,1,0,2.4285714285714284,1.0
1773140400,1773121994,1773163539,1773103260,1773130680,0.72,There will be partly cloudy today,1025,59,8.22,2.22,201,4.02,82,0.16,3.0,16.14,9.47,16.87,12.13,13.8,9.47,15.35,11.33,12.93,8.4,,48.5846,7.7507,Strasbourg,803,Clouds,broken clouds,04d,2026-03-10 11:00:00,2,2,2.4285714285714284,1.0
1773226800,1773208271,1773250030,1773193440,1773219540,0.75,Expect a day of partly cloudy with rain,1024,59,7.81,5.07,239,9.52,100,0.56,3.0,15.61,9.76,15.61,11.14,11.54,9.76,14.77,10.4,10.81,8.07,1.44,48.5846,7.7507,Strasbourg,500,Rain,light rain,10d,2026-03-11 11:00:00,1,0,2.4285714285714284,1.0
1772712000,1772692485,1772732867,1772742600,1772694240,0.57,"You can expect clear sky in the morning, with partly cloudy in the afternoon",1015,69,7.86,5.19,128,9.69,20,0.0,1.62,13.56,9.11,14.47,11.09,13.19,9.14,12.77,10.53,12.6,6.45,,49.4939,0.108,Le Havre,801,Clouds,few clouds,02d,2026-03-05 12:00:00,4,5,1.8571428571428572,0.875
1772798400,1772778760,1772819363,1772833380,1772781420,0.6,Expect a day of partly cloudy with rain,1022,95,10.18,3.48,158,4.23,100,0.51,1.43,11.1,10.49,12.15,10.62,11.57,10.59,10.75,10.14,11.18,10.08,0.34,49.4939,0.108,Le Havre,500,Rain,light rain,10d,2026-03-06 12:00:00,1,0,1.8571428571428572,0.875
1772884800,1772865035,1772905858,1772924160,1772868720,0.63,There will be partly cloudy today,1024,78,9.53,4.78,52,6.73,100,0.0,1.66,13.43,10.1,14.26,11.51,12.6,10.1,12.87,10.86,12.08,9.59,,49.4939,0.108,Le Havre,804,Clouds,overcast clouds,04d,2026-03-07 12:00:00,2,2,1.8571428571428572,0.875
1772971200,1772951310,1772992354,0,1772956200,0.66,There will be partly cloudy today,1021,78,8.67,5.22,172,7.24,28,0.0,2.09,12.59,9.21,14.05,10.88,12.39,9.21,11.94,10.16,11.67,7.2,,49.4939,0.108,Le Havre,802,Clouds,scattered clouds,03d,2026-03-08 12:00:00,3,4,1.8571428571428572,0.875
1773057600,1773037584,1773078849,1773014880,1773043980,0.69,Expect a day of partly cloudy with rain,1021,70,6.89,4.69,171,6.8,38,0.31,2.43,12.31,9.28,13.29,10.42,11.44,9.3,11.42,9.66,10.73,6.84,0.61,49.4939,0.108,Le Havre,500,Rain,light rain,10d,2026-03-09 12:00:00,1,0,1.8571428571428572,0.875
1773144000,1773123857,1773165344,1773105480,1773132240,0.72,"You can expect partly cloudy in the morning, with clearing in the afternoon",1022,76,7.16,2.91,159,3.12,33,0.22,3.0,11.55,9.22,11.78,10.72,10.84,9.22,10.75,10.01,10.09,8.09,,49.4939,0.108,Le Havre,802,Clouds,scattered clouds,03d,2026-03-10 12:00:00,3,3,1.8571428571428572,0.875
1773230400,1773210130,1773251838,1773195720,1773221040,0.75,Expect a day of partly cloudy with rain,1022,85,7.22,7.73,284,12.93,100,0.73,3.0,9.75,8.61,9.93,8.61,8.81,9.3,6.42,5.62,5.28,6.19,1.02,49.4939,0.108,Le Havre,500,Rain,light rain,10d,2026-03-11 12:00:00,1,-1,1.8571428571428572,0.875
1772708400,1772691840,1772732093,1772741940,1772693460,0.57,Expect a day of partly cloudy with clear spells,1018,55,5.09,4.01,159,9.08,0,0.0,1.82,12.98,2.42,17.17,11.92,14.9,2.55,11.77,11.2,14.14,-0.25,,50.6366,3.0635,Lille,800,Clear,clear sky,01d,2026-03-05 11:00:00,5,6,1.8571428571428572,0.875
1772794800,1772778111,1772818593,1772832780,1772780580,0.6,There will be partly cloudy today,1022,66,8.52,2.8,161,6.84,99,0.0,1.38,14.82,9.81,17.12,11.67,15.77,9.85,14.08,11.09,15.1,8.87,,50.6366,3.0635,Lille,804,Clouds,overcast clouds,04d,2026-03-06 11:00:00,2,2,1.8571428571428572,0.875
1772881200,1772864382,1772905094,1772923680,1772867820,0.63,There will be partly cloudy today,1025,60,7.08,3.82,63,5.98,90,0.0,1.6,14.68,9.0,16.98,11.31,14.92,9.21,13.77,10.4,13.98,7.95,,50.6366,3.0635,Lille,804,Clouds,overcast clouds,04d,2026-03-07 11:00:00,2,2,1.8571428571428572,0.875
1772967600,1772950652,1772991594,0,1772955180,0.66,"You can expect partly cloudy in the morning, with clearing in the afternoon",1022,59,7.64,3.64,207,5.11,38,0.0,1.92,15.6,8.0,17.41,12.3,14.13,8.0,14.76,11.57,13.35,6.66,,50.6366,3.0635,Lille,802,Clouds,scattered clouds,03d,2026-03-08 11:00:00,3,3,1.8571428571428572,0.875
1773054000,1773036921,1773078093,1773014520,1773042900,0.69,Expect a day of partly cloudy with rain,1022,60,7.71,4.75,180,8.52,80,0.56,2.03,15.48,9.2,15.84,12.75,13.44,9.2,14.65,11.88,12.56,7.3,0.52,50.6366,3.0635,Lille,500,Rain,light rain,10d,2026-03-09 11:00:00,1,0,1.8571428571428572,0.875
1773140400,1773123190,1773164593,1773105180,1773131040,0.72,Expect a day of partly cloudy with rain,1022,59,7.23,4.4,200,6.32,82,0.2,3.0,15.09,8.68,16.53,11.9,13.61,8.68,14.2,11.08,12.7,7.45,0.15,50.6366,3.0635,Lille,500,Rain,light rain,10d,2026-03-10 11:00:00,1,0,1.8571428571428572,0.875
1773226800,1773209458,1773251092,1773195480,1773219840,0.75,Expect a day of partly cloudy with rain,1018,63,6.89,6.97,242,11.45,100,0.45,3.0,13.82,7.09,13.82,7.09,8.6,10.03,12.9,3.97,5.44,9.33,0.75,50.6366,3.0635,Lille,500,Rain,light rain,10d,2026-03-11 11:00:00,1,0,1.8571428571428572,0.875
1772712000,1772691913,1772732363,1772742000,1772693700,0.57,"You can expect clear sky in the morning, with partly cloudy in the afternoon",1017,46,5.27,3.5,155,7.84,9,0.0,1.76,17.14,5.97,18.62,14.04,16.32,5.97,16.11,13.17,15.42,5.0,,48.8535,2.3484,Paris,800,Clear,clear sky,01d,2026-03-05 12:00:00,5,6,1.8571428571428572,0.875
1772798400,1772778191,1772818857,1772832720,1772780940,0.6,There will be partly cloudy today,1021,54,7.48,1.64,38,3.23,99,0.0,1.68,17.17,12.02,18.46,14.23,16.9,12.14,16.35,13.61,16.0,11.37,,48.8535,2.3484,Paris,804,Clouds,overcast clouds,04d,2026-03-06 12:00:00,2,2,1.8571428571428572,0.875
1772884800,1772864469,1772905350,1772923440,1772868300,0.63,There will be partly cloudy today,1023,40,3.46,3.61,66,7.05,90,0.0,1.96,17.38,11.89,18.52,14.27,16.25,11.93,16.22,13.32,15.18,11.22,,48.8535,2.3484,Paris,804,Clouds,overcast clouds,04d,2026-03-07 12:00:00,2,2,1.8571428571428572,0.875
1772971200,1772950746,1772991843,0,1772955840,0.66,Expect a day of partly cloudy with rain,1022,49,6.47,3.26,202,7.64,10,0.21,2.31,17.34,10.83,18.61,14.54,16.87,10.83,16.41,13.75,15.79,10.03,0.12,48.8535,2.3484,Paris,500,Rain,light rain,10d,2026-03-08 12:00:00,1,1,1.8571428571428572,0.875
1773057600,1773037022,1773078335,1773014160,1773043620,0.69,"There will be rain until morning, then partly cloudy",1022,55,6.23,3.47,179,7.93,40,0.33,2.2,15.48,10.98,16.05,14.32,15.88,10.98,14.52,13.48,14.67,10.3,0.35,48.8535,2.3484,Paris,500,Rain,light rain,10d,2026-03-09 12:00:00,1,0,1.8571428571428572,0.875
1773144000,1773123298,1773164828,1773104700,1773131940,0.72,There will be partly cloudy today,1023,48,5.55,3.63,205,7.26,83,0.0,3.0,16.61,10.38,17.18,13.83,15.23,10.38,15.58,12.99,14.3,9.48,,48.8535,2.3484,Paris,803,Clouds,broken clouds,04d,2026-03-10 12:00:00,2,2,1.8571428571428572,0.875
1773230400,1773209574,1773251320,1773194940,1773220740,0.75,Expect a day of partly cloudy with rain,1021,61,6.93,5.33,231,11.04,100,1.0,3.0,14.62,9.43,14.62,9.43,11.57,12.07,13.73,7.89,10.3,11.47,2.67,48.8535,2.3484,Paris,500,Rain,light rain,10d,2026-03-11 12:00:00,1,0,1.8571428571428572,0.875
1772712000,1772691982,1772732319,1772742120,1772693700,0.57,"You can expect clear sky in the morning, with partly cloudy in the afternoon",1017,58,7.44,4.77,148,6.36,0,0.0,1.85,15.44,3.44,17.46,11.03,13.34,3.44,14.55,10.36,12.71,0.58,,49.8942,2.2957,Amiens,800,Clear,clear sky,01d,2026-03-05 12:00:00,5,6,1.7142857142857142,0.84375
1772798400,1772778256,1772818817,1772832900,1772780880,0.6,There will be partly cloudy today,1021,64,9.85,1.95,187,1.96,98,0.0,1.55,16.92,10.14,17.58,11.53,13.76,10.55,16.34,11.04,13.28,9.8,,49.8942,2.2957,Amiens,804,Clouds,overcast clouds,04d,2026-03-06 12:00:00,2,2,1.7142857142857142,0.84375
1772884800,1772864530,1772905314,1772923680,1772868120,0.63,There will be partly cloudy today,1024,57,7.32,4.08,62,6.11,98,0.0,1.74,16.03,9.61,16.96,10.94,12.66,9.61,15.18,10.1,11.84,8.43,,49.8942,2.2957,Amiens,804,Clouds,overcast clouds,04d,2026-03-07 12:00:00,2,2,1.7142857142857142,0.84375
1772971200,1772950803,1772991811,0,1772955600,0.66,Expect a day of partly cloudy with rain,1022,59,8.24,3.86,204,5.1,7,0.2,2.1,16.38,7.44,17.37,11.42,14.05,7.44,15.61,10.5,13.34,6.29,0.15,49.8942,2.2957,Amiens,500,Rain,light rain,10d,2026-03-08 12:00:00,1,1,1.7142857142857142,0.84375
1773057600,1773037075,1773078308,1773014460,1773043320,0.69,Expect a day of partly cloudy with rain,1021,66,8.25,5.13,186,9.63,73,0.82,2.13,14.83,8.96,14.83,11.55,12.88,10.29,14.09,10.61,11.95,9.72,0.57,49.8942,2.2957,Amiens,500,Rain,light rain,10d,2026-03-09 12:00:00,1,0,1.7142857142857142,0.84375
1773144000,1773123347,1773164804,1773105060,1773131520,0.72,There will be partly cloudy today,1022,62,8.05,4.43,200,7.41,87,0.0,3.0,15.58,8.32,16.19,10.72,12.43,8.32,14.81,10.07,11.66,6.84,,49.8942,2.2957,Amiens,804,Clouds,overcast clouds,04d,2026-03-10 12:00:00,2,2,1.7142857142857142,0.84375
1773230400,1773209618,1773251300,1773195360,1773220320,0.75,Expect a day of partly cloudy with rain,1019,61,6.61,8.02,245,11.08,99,1.0,3.0,14.24,5.6,14.24,5.6,7.59,8.93,13.31,2.47,4.45,6.48,0.75,49.8942,2.2957,Amiens,500,Rain,light rain,10d,2026-03-11 12:00:00,1,-1,1.7142857142857142,0.84375
1772708400,1772690672,1772731200,1772740680,1772692560,0.57,"You can expect clear sky in the morning, with partly cloudy in the afternoon",1021,53,3.9,1.6,135,1.09,0,0.0,1.95,13.75,2.72,16.03,9.82,12.46,3.48,12.56,9.82,11.41,3.48,,48.0778,7.358,Colmar,800,Clear,clear sky,01d,2026-03-05 11:00:00,5,6,1.7142857142857142,0.84375
1772794800,1772776953,1772817691,1772831340,1772779860,0.6,There will be partly cloudy today,1022,64,6.1,2.74,30,3.77,100,0.0,1.78,13.45,7.29,15.32,9.14,11.8,7.84,12.52,8.41,10.89,7.84,,48.0778,7.358,Colmar,804,Clouds,overcast clouds,04d,2026-03-06 11:00:00,2,2,1.7142857142857142,0.84375
1772881200,1772863233,1772904181,1772922000,1772867220,0.63,There will be partly cloudy today,1024,63,5.77,1.78,65,2.01,100,0.0,2.04,13.31,6.79,14.77,9.43,11.6,7.03,12.34,8.95,10.62,7.03,,48.0778,7.358,Colmar,804,Clouds,overcast clouds,04d,2026-03-07 11:00:00,2,2,1.7142857142857142,0.84375
1772967600,1772949513,1772990671,0,1772954760,0.66,Expect a day of partly cloudy with rain,1025,66,7.58,1.8,356,1.33,75,0.65,2.12,14.64,7.56,16.32,10.42,11.5,7.56,13.88,9.82,10.93,7.56,0.99,48.0778,7.358,Colmar,500,Rain,light rain,10d,2026-03-08 11:00:00,1,0,1.7142857142857142,0.84375
1773054000,1773035793,1773077161,1773012660,1773042660,0.69,"You can expect partly cloudy in the morning, with rain in the afternoon",1024,65,8.44,2.04,348,1.99,83,0.64,2.35,15.58,8.12,15.75,10.71,11.8,8.12,14.89,10.08,11.2,8.12,0.99,48.0778,7.358,Colmar,500,Rain,light rain,10d,2026-03-09 11:00:00,1,0,1.7142857142857142,0.84375
1773140400,1773122071,1773163650,1773103200,1773130980,0.72,Expect a day of partly cloudy with rain,1025,59,7.6,1.35,105,1.1,51,0.6,3.0,16.24,8.76,16.24,11.74,12.74,9.68,15.46,11.03,11.98,9.68,0.57,48.0778,7.358,Colmar,500,Rain,light rain,10d,2026-03-10 11:00:00,1,0,1.7142857142857142,0.84375
1773226800,1773208350,1773250139,1773193380,1773219780,0.75,There will be partly cloudy today,1024,45,4.56,5.62,223,10.03,100,0.24,3.0,17.0,9.57,17.0,11.1,11.29,9.57,15.93,10.38,10.41,9.26,,48.0778,7.358,Colmar,804,Clouds,overcast clouds,04d,2026-03-11 11:00:00,2,2,1.7142857142857142,0.84375
1772712000,1772692245,1772732633,1772742360,1772694000,0.57,"You can expect clear sky in the morning, with partly cloudy in the afternoon",1016,62,8.56,4.47,145,7.13,12,0.0,1.73,15.83,5.5,17.41,10.86,13.31,5.59,15.09,10.27,12.68,3.53,,49.4405,1.094,Rouen,801,Clouds,few clouds,02d,2026-03-05 12:00:00,4,5,1.7142857142857142,0.84375
1772798400,1772778521,1772819129,1772833080,1772781180,0.6,Expect a day of partly cloudy with rain,1021,81,10.24,3.13,18,4.65,100,0.28,1.24,13.9,10.22,17.28,10.84,13.1,10.81,13.46,10.41,12.76,10.3,0.3,49.4405,1.094,Rouen,500,Rain,light rain,10d,2026-03-06 12:00:00,1,0,1.7142857142857142,0.84375
1772884800,1772864797,1772905624,1772923920,1772868480,0.63,There will be partly cloudy today,1024,59,8.44,3.78,71,5.79,98,0.0,1.85,16.84,10.12,17.52,11.17,13.04,10.12,16.12,10.35,12.31,9.59,,49.4405,1.094,Rouen,804,Clouds,overcast clouds,04d,2026-03-07 12:00:00,2,2,1.7142857142857142,0.84375
1772971200,1772951071,1772992119,0,1772955960,0.66,Expect a day of partly cloudy with clear spells,1021,61,8.55,4.78,199,6.07,11,0.0,2.24,16.32,7.94,17.08,10.84,12.67,7.94,15.6,10.04,11.77,6.98,,49.4405,1.094,Rouen,801,Clouds,few clouds,02d,2026-03-08 12:00:00,4,5,1.7142857142857142,0.84375
1773057600,1773037345,1773078614,1773014640,1773043800,0.69,Expect a day of partly cloudy with rain,1021,59,6.48,3.14,179,4.41,24,0.2,2.43,14.89,7.96,15.9,10.51,11.59,7.96,13.98,9.71,10.79,6.4,0.24,49.4405,1.094,Rouen,500,Rain,light rain,10d,2026-03-09 12:00:00,1,1,1.7142857142857142,0.84375
1773144000,1773123619,1773165109,1773105180,1773132000,0.72,Expect a day of partly cloudy with rain,1022,62,8.29,4.04,205,5.44,61,0.94,3.0,15.88,8.16,16.71,10.3,12.64,8.16,15.14,9.71,12.0,7.36,1.17,49.4405,1.094,Rouen,500,Rain,light rain,10d,2026-03-10 12:00:00,1,0,1.7142857142857142,0.84375
1773230400,1773209892,1773251603,1773195480,1773220800,0.75,Expect a day of partly cloudy with rain,1021,87,7.61,7.36,282,11.79,100,0.2,3.0,10.13,5.39,11.61,5.39,7.4,8.67,9.47,2.85,4.75,6.85,0.6,49.4405,1.094,Rouen,500,Rain,light rain,10d,2026-03-11 12:00:00,1,-1,1.7142857142857142,0.84375
1772708400,1772690949,1772731563,1772740920,1772692920,0.57,"The day will start with clear sky through the late morning hours, transitioning to partly cloudy",1019,54,7.06,1.63,112,1.99,19,0.0,2.11,14.83,2.44,18.15,9.85,13.07,2.61,13.78,9.85,12.6,2.61,,47.238,6.0244,Besancon,801,Clouds,few clouds,02d,2026-03-05 11:00:00,4,5,1.5714285714285714,0.8125000000000001
1772794800,1772777233,1772818051,1772831520,1772780220,0.6,There will be partly cloudy today,1020,64,7.83,3.27,32,7.1,100,0.0,2.07,14.91,8.24,16.38,8.87,11.89,8.46,14.13,8.16,11.17,8.46,,47.238,6.0244,Besancon,804,Clouds,overcast clouds,04d,2026-03-06 11:00:00,2,2,1.5714285714285714,0.8125000000000001
1772881200,1772863516,1772904538,1772922180,1772867640,0.63,There will be partly cloudy today,1022,61,7.74,1.66,101,1.91,78,0.0,2.22,15.63,7.36,16.69,10.11,13.32,7.55,14.84,9.53,12.77,7.55,,47.238,6.0244,Besancon,803,Clouds,broken clouds,04d,2026-03-07 11:00:00,2,2,1.5714285714285714,0.8125000000000001
1772967600,1772949799,1772991025,0,1772955300,0.66,Expect a day of partly cloudy with clear spells,1025,68,7.52,2.38,238,4.41,97,0.0,1.99,13.64,8.26,15.58,8.96,10.62,8.26,12.84,8.96,9.96,8.26,,47.238,6.0244,Besancon,804,Clouds,overcast clouds,04d,2026-03-08 11:00:00,2,2,1.5714285714285714,0.8125000000000001
1773054000,1773036082,1773077512,1773012780,1773043200,0.69,"You can expect partly cloudy in the morning, with rain in the afternoon",1024,68,7.77,3.03,258,4.63,100,0.93,1.35,14.04,7.89,14.04,10.0,10.11,8.11,13.28,9.61,9.6,8.11,1.32,47.238,6.0244,Besancon,500,Rain,light rain,10d,2026-03-09 11:00:00,1,0,1.5714285714285714,0.8125000000000001
1773140400,1773122364,1773163998,1773103260,1773131580,0.72,Expect a day of partly cloudy with rain,1025,69,8.65,1.66,72,1.76,99,0.61,2.0,14.68,8.03,15.27,9.9,11.33,8.03,14.01,9.69,10.71,8.03,0.87,47.238,6.0244,Besancon,500,Rain,light rain,10d,2026-03-10 11:00:00,1,0,1.5714285714285714,0.8125000000000001
1773226800,1773208645,1773250484,1773193380,1773220440,0.75,Expect a day of partly cloudy with rain,1026,70,7.73,4.66,201,11.24,100,0.89,2.0,13.38,8.4,13.38,10.12,10.62,8.4,12.6,9.62,10.04,7.52,0.72,47.238,6.0244,Besancon,500,Rain,light rain,10d,2026-03-11 11:00:00,1,0,1.5714285714285714,0.8125000000000001
1772708400,1772691188,1772731795,1772741160,1772693160,0.57,"The day will start with clear sky through the late morning hours, transitioning to partly cloudy",1019,64,7.18,2.44,133,3.19,35,0.0,2.18,14.55,2.98,15.8,10.24,12.79,3.25,13.73,9.38,12.06,3.25,,47.3216,5.0415,Dijon,802,Clouds,scattered clouds,03d,2026-03-05 11:00:00,3,3,1.5714285714285714,0.8125000000000001
1772794800,1772777472,1772818283,1772831820,1772780460,0.6,There will be partly cloudy today,1021,68,8.4,3.85,39,5.81,100,0.0,1.75,14.49,8.82,16.69,9.93,13.55,9.25,13.77,8.5,13.08,9.25,,47.3216,5.0415,Dijon,804,Clouds,overcast clouds,04d,2026-03-06 11:00:00,2,2,1.5714285714285714,0.8125000000000001
1772881200,1772863755,1772904771,1772922480,1772867880,0.63,There will be partly cloudy today,1023,71,8.11,3.02,4,4.36,97,0.0,2.27,13.61,6.55,15.92,10.27,13.04,6.91,12.88,9.65,12.44,5.37,,47.3216,5.0415,Dijon,804,Clouds,overcast clouds,04d,2026-03-07 11:00:00,2,2,1.5714285714285714,0.8125000000000001
1772967600,1772950038,1772991258,0,1772955480,0.66,Expect a day of partly cloudy with clear spells,1024,62,8.11,3.66,180,5.6,87,0.0,2.08,15.54,8.25,15.54,9.55,10.95,9.58,14.77,9.55,10.24,9.23,,47.3216,5.0415,Dijon,804,Clouds,overcast clouds,04d,2026-03-08 11:00:00,2,2,1.5714285714285714,0.8125000000000001
1773054000,1773036320,1773077745,1773013020,1773043440,0.69,Expect a day of partly cloudy with rain,1024,72,7.88,6.88,185,10.93,100,0.2,2.13,13.19,7.67,13.19,7.67,9.35,9.16,12.44,6.14,7.59,7.83,0.12,47.3216,5.0415,Dijon,500,Rain,light rain,10d,2026-03-09 11:00:00,1,0,1.5714285714285714,0.8125000000000001
1773140400,1773122602,1773164231,1773103500,1773131760,0.72,There will be partly cloudy today,1025,66,7.75,3.94,172,6.7,100,0.0,3.0,14.42,7.03,15.14,9.47,11.21,8.47,13.64,8.46,10.63,7.54,,47.3216,5.0415,Dijon,804,Clouds,overcast clouds,04d,2026-03-10 11:00:00,2,2,1.5714285714285714,0.8125000000000001
1773226800,1773208883,1773250718,1773193680,1773220620,0.75,Expect a day of partly cloudy with rain,1026,91,8.04,3.87,200,11.67,100,1.0,3.0,9.74,7.36,10.65,9.95,10.54,7.36,7.95,9.22,10.0,5.23,4.5,47.3216,5.0415,Dijon,500,Rain,light rain,10d,2026-03-11 11:00:00,1,0,1.5714285714285714,0.8125000000000001
1772708400,1772690858,1772731604,1772740800,1772692920,0.57,"There will be clear sky until morning, then partly cloudy",1019,53,3.96,2.31,359,3.03,100,0.0,2.25,14.71,4.9,16.87,9.69,12.0,4.9,13.62,9.69,11.29,3.77,,45.8992,6.1289,Annecy,804,Clouds,overcast clouds,04d,2026-03-05 11:00:00,2,2,1.4285714285714286,0.78125
1772794800,1772777147,1772818087,1772831340,1772780340,0.6,There will be partly cloudy today,1020,61,4.78,1.69,348,1.8,100,0.0,1.93,13.54,7.87,14.37,9.51,11.54,8.33,12.54,9.51,10.76,8.33,,45.8992,6.1289,Annecy,804,Clouds,overcast clouds,04d,2026-03-06 11:00:00,2,2,1.4285714285714286,0.78125
1772881200,1772863435,1772904569,1772921880,1772867820,0.63,There will be partly cloudy today,1022,62,6.52,1.21,271,1.23,100,0.0,2.1,15.18,8.27,15.82,9.37,12.61,8.34,14.37,9.37,12.02,8.34,,45.8992,6.1289,Annecy,804,Clouds,overcast clouds,04d,2026-03-07 11:00:00,2,2,1.4285714285714286,0.78125
1772967600,1772949723,1772991051,0,1772955540,0.66,Expect a day of partly cloudy with rain,1024,62,6.75,1.13,313,0.92,91,0.2,2.25,15.35,8.98,15.89,9.34,10.64,8.98,14.56,9.34,9.93,8.98,0.13,45.8992,6.1289,Annecy,500,Rain,light rain,10d,2026-03-08 11:00:00,1,0,1.4285714285714286,0.78125
1773054000,1773036010,1773077533,1773012360,1773043560,0.69,"You can expect partly cloudy in the morning, with rain in the afternoon",1023,58,4.88,1.91,262,1.7,98,1.0,2.69,14.66,7.06,14.66,9.63,9.75,7.06,13.7,9.63,9.75,7.06,2.52,45.8992,6.1289,Annecy,500,Rain,light rain,10d,2026-03-09 11:00:00,1,0,1.4285714285714286,0.78125
1773140400,1773122296,1773164015,1773102780,1773131940,0.72,There will be partly cloudy today,1025,56,5.04,1.36,325,1.22,95,0.1,3.0,15.07,6.28,15.53,9.31,10.95,6.28,14.09,9.31,10.03,6.28,,45.8992,6.1289,Annecy,804,Clouds,overcast clouds,04d,2026-03-10 11:00:00,2,2,1.4285714285714286,0.78125
1773226800,1773208583,1773250496,1773192900,1773220860,0.75,There will be partly cloudy today,1026,57,5.43,1.81,233,2.52,99,0.0,3.0,15.15,7.41,15.15,8.68,10.15,7.41,14.21,8.68,9.31,7.41,,45.8992,6.1289,Annecy,804,Clouds,overcast clouds,04d,2026-03-11 11:00:00,2,2,1.4285714285714286,0.78125
1772708400,1772690684,1772731195,1772740680,1772692560,0.57,"You can expect clear sky in the morning, with partly cloudy in the afternoon",1021,54,3.3,1.75,114,1.69,0,0.0,1.95,11.16,0.13,13.28,7.11,9.52,0.56,9.74,7.11,9.52,0.56,,48.2494,7.3439,Chateau du Haut Koenigsbourg,800,Clear,clear sky,01d,2026-03-05 11:00:00,5,6,1.4285714285714286,0.78125
1772794800,1772776965,1772817686,1772831340,1772779800,0.6,There will be partly cloudy today,1022,63,5.35,2.36,41,3.46,100,0.0,1.78,11.2,4.89,12.98,6.43,9.14,5.45,10.02,6.43,8.44,5.45,,48.2494,7.3439,Chateau du Haut Koenigsbourg,804,Clouds,overcast clouds,04d,2026-03-06 11:00:00,2,2,1.4285714285714286,0.78125
1772881200,1772863244,1772904177,1772922060,1772867160,0.63,There will be partly cloudy today,1024,61,4.48,1.78,83,1.92,100,0.0,2.04,10.78,4.21,11.98,6.72,8.81,4.46,9.51,6.72,8.81,4.46,,48.2494,7.3439,Chateau du Haut Koenigsbourg,804,Clouds,overcast clouds,04d,2026-03-07 11:00:00,2,2,1.4285714285714286,0.78125
1772967600,1772949524,1772990667,0,1772954760,0.66,Expect a day of partly cloudy with rain,1025,68,6.49,1.13,255,1.06,70,0.76,2.12,11.22,4.89,13.44,7.73,9.0,4.89,10.17,7.73,9.0,4.89,1.54,48.2494,7.3439,Chateau du Haut Koenigsbourg,500,Rain,light rain,10d,2026-03-08 11:00:00,1,0,1.4285714285714286,0.78125
1773054000,1773035802,1773077158,1773012720,1773042600,0.69,"You can expect partly cloudy in the morning, with rain in the afternoon",1024,66,7.82,1.84,298,1.61,89,0.7,2.35,13.09,5.61,13.09,8.01,9.07,5.61,12.18,7.02,8.58,5.61,0.99,48.2494,7.3439,Chateau du Haut Koenigsbourg,500,Rain,light rain,10d,2026-03-09 11:00:00,1,0,1.4285714285714286,0.78125
1773140400,1773122081,1773163648,1773103260,1773130920,0.72,Expect a day of partly cloudy with rain,1025,61,7.08,1.54,112,1.37,68,0.94,3.0,13.6,6.25,13.6,9.07,9.94,7.23,12.61,9.07,9.94,7.23,0.99,48.2494,7.3439,Chateau du Haut Koenigsbourg,500,Rain,light rain,10d,2026-03-10 11:00:00,1,0,1.4285714285714286,0.78125
1773226800,1773208358,1773250138,1773193440,1773219720,0.75,Expect a day of partly cloudy with rain,1024,45,3.65,4.99,231,9.38,100,0.32,3.0,14.54,7.05,14.54,8.64,9.08,7.05,13.22,8.0,8.41,6.2,0.15,48.2494,7.3439,Chateau du Haut Koenigsbourg,500,Rain,light rain,10d,2026-03-11 11:00:00,1,0,1.4285714285714286,0.78125
1772708400,1772690682,1772731214,1772740680,1772692560,0.57,"You can expect clear sky in the morning, with partly cloudy in the afternoon",1021,52,3.72,1.6,133,1.2,0,0.0,1.95,13.58,2.57,15.89,9.62,12.15,2.99,12.35,9.62,11.07,2.99,,48.0448,7.308,Eguisheim,800,Clear,clear sky,01d,2026-03-05 11:00:00,5,6,1.4285714285714286,0.78125
1772794800,1772776963,1772817704,1772831340,1772779860,0.6,There will be partly cloudy today,1022,62,5.72,2.75,31,3.68,100,0.0,1.78,13.21,7.12,14.99,8.96,11.47,7.62,12.21,8.26,10.55,7.62,,48.0448,7.308,Eguisheim,804,Clouds,overcast clouds,04d,2026-03-06 11:00:00,2,2,1.4285714285714286,0.78125
1772881200,1772863244,1772904195,1772922060,1772867220,0.63,There will be partly cloudy today,1024,62,5.59,1.83,308,1.97,100,0.0,2.04,13.19,6.65,14.62,9.18,11.35,6.87,12.18,8.63,10.34,6.28,,48.0448,7.308,Eguisheim,804,Clouds,overcast clouds,04d,2026-03-07 11:00:00,2,2,1.4285714285714286,0.78125
1772967600,1772949524,1772990684,0,1772954820,0.66,Expect a day of partly cloudy with rain,1024,64,7.6,1.72,352,1.42,72,0.72,2.12,14.95,7.49,16.01,10.23,11.2,7.49,14.17,9.58,10.62,7.49,1.05,48.0448,7.308,Eguisheim,500,Rain,light rain,10d,2026-03-08 11:00:00,1,0,1.4285714285714286,0.78125
1773054000,1773035803,1773077174,1773012660,1773042660,0.69,"The day will start with partly cloudy through the late morning hours, transitioning to rain",1024,65,8.22,1.95,348,1.88,80,0.72,2.35,15.31,7.9,15.46,10.38,11.48,7.9,14.59,9.72,10.85,7.9,1.19,48.0448,7.308,Eguisheim,500,Rain,light rain,10d,2026-03-09 11:00:00,1,0,1.4285714285714286,0.78125
1773140400,1773122082,1773163663,1773103200,1773130980,0.72,Expect a day of partly cloudy with rain,1025,59,7.39,1.27,95,1.06,48,0.54,3.0,15.94,8.51,15.94,11.41,12.32,9.26,15.13,10.67,11.54,9.26,0.54,48.0448,7.308,Eguisheim,500,Rain,light rain,10d,2026-03-10 11:00:00,1,0,1.4285714285714286,0.78125
1773226800,1773208361,1773250152,1773193380,1773219840,0.75,"You can expect partly cloudy in the morning, with rain in the afternoon",1024,47,4.61,5.71,226,10.23,100,0.43,3.0,16.44,9.33,16.44,10.65,10.85,9.33,15.37,9.94,9.92,9.33,0.21,48.0448,7.308,Eguisheim,500,Rain,light rain,10d,2026-03-11 11:00:00,1,0,1.4285714285714286,0.78125
1772712000,1772692667,1772733073,1772742780,1772694420,0.57,"You can expect clear sky in the morning, with partly cloudy in the afternoon",1015,66,9.23,5.69,172,10.53,11,0.0,1.62,15.25,5.84,16.09,10.67,12.06,5.92,14.55,10.17,11.59,3.1,,49.2765,-0.7025,Bayeux,801,Clouds,few clouds,02d,2026-03-05 12:00:00,4,5,1.2857142857142858,0.7500000000000001
1772798400,1772778944,1772819568,1772833560,1772781660,0.6,Expect a day of partly cloudy with rain,1021,95,10.51,3.28,51,4.8,100,1.0,0.83,11.37,9.73,14.02,9.97,10.06,10.29,11.04,9.13,9.63,9.8,1.99,49.2765,-0.7025,Bayeux,500,Rain,light rain,10d,2026-03-06 12:00:00,1,0,1.2857142857142858,0.7500000000000001
1772884800,1772865219,1772906063,1772924340,1772868960,0.63,There will be partly cloudy today,1024,83,10.94,4.03,41,5.69,100,0.0,1.52,13.7,8.98,14.56,9.81,9.1,9.17,13.29,8.3,7.41,8.12,,49.2765,-0.7025,Bayeux,804,Clouds,overcast clouds,04d,2026-03-07 12:00:00,2,2,1.2857142857142858,0.7500000000000001
1772971200,1772951495,1772992558,0,1772956440,0.66,There will be partly cloudy today,1020,67,9.57,5.39,183,7.47,42,0.0,2.22,15.71,8.26,15.76,9.74,11.29,8.26,15.09,8.39,10.67,6.54,,49.2765,-0.7025,Bayeux,802,Clouds,scattered clouds,03d,2026-03-08 12:00:00,3,3,1.2857142857142858,0.7500000000000001
1773057600,1773037770,1773079052,1773015060,1773044280,0.69,Expect a day of partly cloudy with rain,1020,67,7.82,5.65,178,10.02,54,1.0,2.45,13.94,8.02,14.07,8.8,9.98,8.02,13.14,7.28,9.53,6.0,2.51,49.2765,-0.7025,Bayeux,500,Rain,light rain,10d,2026-03-09 12:00:00,1,0,1.2857142857142858,0.7500000000000001
1773144000,1773124044,1773165546,1773105600,1773132480,0.72,Expect a day of partly cloudy with rain,1022,71,8.31,3.09,178,3.44,99,0.53,3.0,13.43,7.36,13.99,9.25,10.13,7.36,12.68,7.56,9.42,6.7,0.6,49.2765,-0.7025,Bayeux,500,Rain,light rain,10d,2026-03-10 12:00:00,1,0,1.2857142857142858,0.7500000000000001
1773230400,1773210318,1773252040,1773195840,1773221340,0.75,Expect a day of partly cloudy with rain,1022,69,5.69,8.19,285,13.27,94,0.99,3.0,11.12,4.01,11.12,4.01,6.83,9.17,10.09,1.08,3.88,6.04,0.84,49.2765,-0.7025,Bayeux,500,Rain,light rain,10d,2026-03-11 12:00:00,1,-1,1.2857142857142858,0.7500000000000001
1772708400,1772690711,1772731655,1772740560,1772692980,0.57,Expect a day of partly cloudy with rain,1020,43,1.1,4.94,116,10.16,100,0.23,2.25,9.97,3.17,12.1,7.2,9.52,3.17,7.67,5.26,8.18,0.5,0.28,43.7497,6.3286,Gorges du Verdon,500,Rain,light rain,10d,2026-03-05 11:00:00,1,0,1.1428571428571428,0.71875
1772794800,1772777007,1772818131,1772831040,1772780520,0.6,There will be partly cloudy today,1018,45,1.38,5.62,123,11.4,100,0.04,1.99,12.55,5.81,13.09,6.33,9.36,5.84,11.04,5.38,8.04,4.34,,43.7497,6.3286,Gorges du Verdon,804,Clouds,overcast clouds,04d,2026-03-06 11:00:00,2,2,1.1428571428571428,0.71875
1772881200,1772863302,1772904606,1772921460,1772868120,0.63,There will be partly cloudy today,1023,58,3.7,5.07,136,8.29,100,0.0,1.98,11.36,5.65,11.78,6.66,7.74,5.9,10.07,5.62,5.76,4.42,,43.7497,6.3286,Gorges du Verdon,804,Clouds,overcast clouds,04d,2026-03-07 11:00:00,2,2,1.1428571428571428,0.71875
1772967600,1772949597,1772991081,0,1772955900,0.66,"There will be rain until morning, then partly cloudy",1025,55,2.11,4.91,123,6.89,95,0.2,2.0,10.43,4.81,10.73,4.81,5.52,5.0,8.96,2.68,3.27,3.25,0.16,43.7497,6.3286,Gorges du Verdon,500,Rain,light rain,10d,2026-03-08 11:00:00,1,0,1.1428571428571428,0.71875
1773054000,1773035891,1773077556,1773011820,1773044040,0.69,"You can expect rain in the morning, with partly cloudy in the afternoon",1027,74,3.11,4.44,124,7.66,100,0.55,0.96,7.08,4.13,9.42,4.13,6.09,5.95,4.9,1.9,4.14,4.35,1.28,43.7497,6.3286,Gorges du Verdon,500,Rain,light rain,10d,2026-03-09 11:00:00,1,0,1.1428571428571428,0.71875
1773140400,1773122185,1773164031,1773102120,1773132540,0.72,There will be partly cloudy today,1026,46,0.84,4.72,128,7.13,100,0.0,1.0,11.68,3.25,11.68,4.76,5.5,3.25,10.1,2.82,3.38,0.76,,43.7497,6.3286,Gorges du Verdon,804,Clouds,overcast clouds,04d,2026-03-10 11:00:00,2,2,1.1428571428571428,0.71875
1773226800,1773208478,1773250505,1773192180,1773221520,0.75,There will be partly cloudy today,1026,47,1.64,3.3,170,2.72,100,0.0,1.0,12.17,3.64,12.17,5.04,5.69,3.64,10.67,5.04,4.85,1.79,,43.7497,6.3286,Gorges du Verdon,804,Clouds,overcast clouds,04d,2026-03-11 11:00:00,2,2,1.1428571428571428,0.71875
1772712000,1772691855,1772732873,1772741760,1772694180,0.57,Expect a day of partly cloudy with rain,1012,62,5.83,2.49,10,2.03,97,0.93,2.38,12.69,5.64,13.93,5.64,8.29,10.51,11.63,4.36,8.29,9.5,2.78,42.9455,1.4066,Ariege,501,Rain,moderate rain,10d,2026-03-05 12:00:00,1,0,0.8571428571428571,0.65625
1772798400,1772778154,1772819346,1772832120,1772781780,0.6,Expect a day of partly cloudy with rain,1015,97,6.59,1.48,249,1.08,100,1.0,0.61,6.64,5.04,7.19,6.05,6.03,5.76,6.64,6.05,6.03,5.76,4.4,42.9455,1.4066,Ariege,500,Rain,light rain,10d,2026-03-06 12:00:00,1,0,0.8571428571428571,0.65625
1772884800,1772864452,1772905819,1772922540,1772869440,0.63,Expect a day of partly cloudy with rain,1019,71,5.13,1.71,207,2.42,91,1.0,1.59,9.87,4.91,10.08,4.95,6.45,4.91,9.87,3.63,6.45,4.91,2.35,42.9455,1.4066,Ariege,500,Rain,light rain,10d,2026-03-07 12:00:00,1,0,0.8571428571428571,0.65625
1772971200,1772950749,1772992292,0,1772957280,0.66,Expect a day of partly cloudy with rain,1021,61,2.9,2.81,193,2.88,0,1.0,3.17,9.65,2.08,9.65,3.64,4.91,2.08,9.65,1.02,3.84,-0.45,1.72,42.9455,1.4066,Ariege,500,Rain,light rain,10d,2026-03-08 12:00:00,1,1,0.8571428571428571,0.65625
1773057600,1773037046,1773078764,1773012900,1773045420,0.69,Expect a day of partly cloudy with clear spells,1019,47,0.91,2.78,198,3.03,2,0.0,3.84,11.43,1.79,11.58,5.87,6.58,1.79,9.86,3.71,5.6,-0.78,,42.9455,1.4066,Ariege,800,Clear,clear sky,01d,2026-03-09 12:00:00,5,6,0.8571428571428571,0.65625
1773144000,1773123342,1773165236,1773103200,1773133920,0.72,"You can expect partly cloudy in the morning, with rain in the afternoon",1018,48,1.42,3.45,186,3.89,100,0.88,4.0,11.76,3.99,11.76,6.1,6.51,4.02,10.24,5.15,5.07,1.16,2.28,42.9455,1.4066,Ariege,500,Rain,light rain,10d,2026-03-10 12:00:00,1,0,0.8571428571428571,0.65625
1773230400,1773209637,1773251708,1773193140,1773222960,0.75,"The day will start with partly cloudy through the late morning hours, transitioning to rain",1025,88,6.19,2.05,4,2.4,99,1.0,4.0,7.69,4.06,7.69,5.38,5.76,4.31,6.46,5.38,5.76,4.31,6.3,42.9455,1.4066,Ariege,501,Rain,moderate rain,10d,2026-03-11 12:00:00,1,-1,0.8571428571428571,0.65625
1772708400,1772691162,1772731922,1772741100,1772693280,0.57,"There will be clear sky until morning, then partly cloudy",1019,56,6.52,3.74,159,10.66,100,0.0,2.07,15.55,5.5,18.07,13.68,15.98,5.86,14.62,12.83,15.1,5.13,,45.7578,4.832,Lyon,804,Clouds,overcast clouds,04d,2026-03-05 11:00:00,2,2,0.7142857142857143,0.625
1772794800,1772777451,1772818404,1772831640,1772780700,0.6,Expect a day of partly cloudy with rain,1020,67,9.4,3.31,216,9.58,100,0.5,2.17,15.82,11.61,17.57,12.87,16.14,11.69,15.21,12.33,15.45,11.29,0.98,45.7578,4.832,Lyon,500,Rain,light rain,10d,2026-03-06 11:00:00,1,0,0.7142857142857143,0.625
1772881200,1772863740,1772904887,1772922180,1772868180,0.63,Expect a day of partly cloudy with rain,1022,64,8.97,2.78,165,6.1,98,0.79,2.12,16.23,11.2,18.31,12.77,15.77,11.44,15.58,12.14,15.07,10.94,1.09,45.7578,4.832,Lyon,500,Rain,light rain,10d,2026-03-07 11:00:00,1,0,0.7142857142857143,0.625
1772967600,1772950028,1772991368,0,1772955900,0.66,There will be partly cloudy today,1024,50,5.93,4.51,173,10.94,91,0.01,2.46,16.77,11.47,17.05,13.0,14.22,11.47,15.81,12.03,13.39,10.63,,45.7578,4.832,Lyon,804,Clouds,overcast clouds,04d,2026-03-08 11:00:00,2,2,0.7142857142857143,0.625
1773054000,1773036316,1773077850,1773012660,1773043920,0.69,"You can expect rain in the morning, with partly cloudy in the afternoon",1025,86,7.88,4.33,179,11.77,100,1.0,1.05,10.48,10.37,11.75,10.58,10.6,10.37,9.83,9.89,9.83,9.73,7.11,45.7578,4.832,Lyon,501,Rain,moderate rain,10d,2026-03-09 11:00:00,1,-1,0.7142857142857143,0.625
1773140400,1773122603,1773164331,1773103080,1773132300,0.72,"There will be rain until morning, then partly cloudy",1025,55,6.64,4.62,171,7.94,87,0.63,2.0,16.05,9.59,16.38,11.9,13.73,9.59,15.15,11.05,12.88,9.18,0.72,45.7578,4.832,Lyon,500,Rain,light rain,10d,2026-03-10 11:00:00,1,0,0.7142857142857143,0.625
1773226800,1773208890,1773250812,1773193200,1773221220,0.75,There will be partly cloudy today,1025,44,4.64,4.88,166,7.86,100,0.0,2.0,17.42,9.18,17.47,12.93,15.12,9.18,16.37,12.13,14.18,8.57,,45.7578,4.832,Lyon,804,Clouds,overcast clouds,04d,2026-03-11 11:00:00,2,2,0.7142857142857143,0.625
1772712000,1772692827,1772733302,1772742960,1772694660,0.57,"You can expect clear sky in the morning, with partly cloudy in the afternoon",1014,73,9.72,6.45,155,10.8,8,0.01,1.7,14.68,7.79,15.82,11.5,12.69,7.9,14.11,11.11,12.31,5.37,,48.636,-1.5115,Mont Saint Michel,800,Clear,clear sky,01d,2026-03-05 12:00:00,5,6,0.7142857142857143,0.625
1772798400,1772779106,1772819795,1772833620,1772781900,0.6,Expect a day of partly cloudy with rain,1021,83,11.21,2.43,136,3.91,100,1.0,1.48,14.32,10.42,15.93,11.78,12.45,10.93,13.97,11.29,11.94,10.53,1.86,48.636,-1.5115,Mont Saint Michel,500,Rain,light rain,10d,2026-03-06 12:00:00,1,0,0.7142857142857143,0.625
1772884800,1772865384,1772906287,1772924400,1772869260,0.63,Expect a day of partly cloudy with rain,1023,76,11.25,3.0,108,4.35,100,1.0,1.72,15.61,10.59,16.86,12.21,13.66,10.69,15.21,11.81,13.3,10.22,3.01,48.636,-1.5115,Mont Saint Michel,500,Rain,light rain,10d,2026-03-07 12:00:00,1,0,0.7142857142857143,0.625
1772971200,1772951662,1772992779,0,1772956800,0.66,"You can expect partly cloudy in the morning, with rain in the afternoon",1020,75,10.11,6.12,189,8.14,40,0.72,2.33,14.81,9.09,14.81,9.55,11.25,9.09,14.3,8.01,10.81,7.19,1.04,48.636,-1.5115,Mont Saint Michel,500,Rain,light rain,10d,2026-03-08 12:00:00,1,0,0.7142857142857143,0.625
1773057600,1773037939,1773079271,1773015060,1773044640,0.69,Expect a day of partly cloudy with rain,1020,78,8.54,5.96,163,11.09,83,0.77,2.18,12.35,7.04,13.22,9.44,10.68,7.04,11.68,8.31,10.02,4.11,1.17,48.636,-1.5115,Mont Saint Michel,500,Rain,light rain,10d,2026-03-09 12:00:00,1,0,0.7142857142857143,0.625
1773144000,1773124216,1773165762,1773105600,1773132960,0.72,Expect a day of partly cloudy with rain,1022,73,8.33,3.11,183,3.76,95,0.77,3.0,13.25,8.28,14.41,9.56,11.23,8.31,12.54,7.92,10.63,7.7,1.26,48.636,-1.5115,Mont Saint Michel,500,Rain,light rain,10d,2026-03-10 12:00:00,1,0,0.7142857142857143,0.625
1773230400,1773210492,1773252254,1773195780,1773221760,0.75,Expect a day of partly cloudy with rain,1024,76,6.27,7.49,300,12.46,99,0.46,3.0,10.49,6.18,10.49,6.18,7.47,8.82,9.58,4.07,4.83,6.22,0.27,48.636,-1.5115,Mont Saint Michel,500,Rain,light rain,10d,2026-03-11 12:00:00,1,-1,0.7142857142857143,0.625
1772712000,1772692951,1772733425,1772743080,1772694780,0.57,"You can expect clear sky in the morning, with partly cloudy in the afternoon",1014,75,9.2,5.61,153,10.89,5,0.11,1.7,13.75,8.1,14.9,11.25,12.89,8.17,13.14,10.83,12.48,5.59,,48.6495,-2.026,St Malo,800,Clear,clear sky,01d,2026-03-05 12:00:00,5,6,0.5714285714285714,0.5937500000000001
1772798400,1772779230,1772819918,1772833800,1772782020,0.6,Expect a day of partly cloudy with rain,1021,92,10.56,3.16,352,3.43,100,1.0,1.42,11.91,10.56,13.26,10.92,11.42,10.58,11.56,10.47,11.07,10.23,4.1,48.6495,-2.026,St Malo,501,Rain,moderate rain,10d,2026-03-06 12:00:00,1,0,0.5714285714285714,0.5937500000000001
1772884800,1772865508,1772906410,0,1772869380,0.63,Expect a day of partly cloudy with rain,1023,82,10.37,3.13,18,3.58,100,1.0,1.8,13.45,10.4,13.96,11.28,11.5,10.58,12.99,11.0,11.26,10.12,6.29,48.6495,-2.026,St Malo,501,Rain,moderate rain,10d,2026-03-07 12:00:00,1,-1,0.5714285714285714,0.5937500000000001
1772971200,1772951786,1772992902,1772924520,1772956920,0.66,Expect a day of partly cloudy with rain,1020,81,10.15,6.33,181,9.09,48,0.8,2.31,13.45,9.49,13.84,9.49,11.41,9.51,12.97,7.21,10.83,7.57,0.42,48.6495,-2.026,St Malo,500,Rain,light rain,10d,2026-03-08 12:00:00,1,0,0.5714285714285714,0.5937500000000001
1773057600,1773038063,1773079394,1773015180,1773044760,0.69,Expect a day of partly cloudy with rain,1019,81,8.6,6.12,169,9.78,97,0.2,2.03,11.93,7.17,12.37,10.2,11.12,7.17,11.29,9.5,10.43,4.01,0.39,48.6495,-2.026,St Malo,500,Rain,light rain,10d,2026-03-09 12:00:00,1,0,0.5714285714285714,0.5937500000000001
1773144000,1773124340,1773165885,1773105720,1773133080,0.72,Expect a day of partly cloudy with rain,1022,79,8.46,4.24,206,7.45,100,0.3,3.0,12.19,9.31,13.28,9.89,11.54,9.45,11.53,7.76,10.94,8.92,0.42,48.6495,-2.026,St Malo,500,Rain,light rain,10d,2026-03-10 12:00:00,1,0,0.5714285714285714,0.5937500000000001
1773230400,1773210616,1773252377,1773195960,1773221880,0.75,Expect a day of partly cloudy with rain,1024,74,5.73,8.38,298,12.24,100,0.66,3.0,10.31,7.69,10.31,7.69,8.46,9.34,9.33,5.21,5.44,6.42,0.36,48.6495,-2.026,St Malo,500,Rain,light rain,10d,2026-03-11 12:00:00,1,-1,0.5714285714285714,0.5937500000000001
1772712000,1772691915,1772732838,1772741880,1772694180,0.57,Expect a day of partly cloudy with rain,1015,69,10.77,10.61,119,18.07,98,0.49,2.21,16.47,10.9,16.47,13.14,13.36,12.36,15.97,12.52,12.71,11.69,0.56,44.0176,1.355,Montauban,500,Rain,light rain,10d,2026-03-05 12:00:00,1,-1,0.42857142857142855,0.5625
1772798400,1772778210,1772819314,1772832300,1772781660,0.6,There will be partly cloudy today,1017,76,9.05,9.14,126,16.09,100,0.04,1.19,13.34,11.66,14.01,11.66,12.34,12.92,12.71,10.79,11.54,12.28,,44.0176,1.355,Montauban,804,Clouds,overcast clouds,04d,2026-03-06 12:00:00,2,1,0.42857142857142855,0.5625
1772884800,1772864505,1772905791,1772922780,1772869260,0.63,Expect a day of partly cloudy with rain,1020,75,8.8,6.62,123,13.76,100,0.99,0.9,13.01,11.05,14.52,11.05,11.59,12.53,12.32,10.38,11.1,11.77,0.7,44.0176,1.355,Montauban,500,Rain,light rain,10d,2026-03-07 12:00:00,1,0,0.42857142857142855,0.5625
1772971200,1772950798,1772992267,0,1772957100,0.66,Expect a day of partly cloudy with rain,1021,61,7.59,5.13,140,9.14,20,0.83,2.83,15.13,7.76,16.14,9.23,11.73,7.76,14.29,8.64,10.94,6.36,1.26,44.0176,1.355,Montauban,500,Rain,light rain,10d,2026-03-08 12:00:00,1,1,0.42857142857142855,0.5625
1773057600,1773037092,1773078742,1773013140,1773045180,0.69,There will be partly cloudy today,1021,67,8.57,6.39,104,12.79,38,0.7,3.31,14.82,7.08,16.82,11.71,11.99,7.08,14.11,10.66,11.12,5.48,,44.0176,1.355,Montauban,802,Clouds,scattered clouds,03d,2026-03-09 12:00:00,3,3,0.42857142857142855,0.5625
1773144000,1773123385,1773165218,1773103440,1773133680,0.72,Expect a day of partly cloudy with rain,1020,63,9.83,8.7,135,14.22,84,1.0,4.0,16.82,10.22,16.82,12.76,13.18,11.77,16.2,12.28,12.62,11.09,1.74,44.0176,1.355,Montauban,500,Rain,light rain,10d,2026-03-10 12:00:00,1,-1,0.42857142857142855,0.5625
1773230400,1773209677,1773251693,1773193500,1773222660,0.75,Expect a day of partly cloudy with rain,1026,82,9.25,5.43,150,11.58,99,0.33,4.0,12.26,10.69,13.05,11.15,11.85,10.69,11.68,10.7,11.39,10.16,0.42,44.0176,1.355,Montauban,500,Rain,light rain,10d,2026-03-11 12:00:00,1,0,0.42857142857142855,0.5625
1772708400,1772691435,1772732488,1772741340,1772693820,0.57,Expect a day of partly cloudy with rain,1018,93,11.62,6.01,120,11.31,100,1.0,1.28,13.52,12.32,13.62,13.37,13.51,12.97,13.36,13.19,13.37,12.8,18.22,42.5251,3.0832,Collioure,502,Rain,heavy intensity rain,10d,2026-03-05 11:00:00,1,-2,0.14285714285714285,0.5
1772794800,1772777735,1772818960,1772831700,1772781360,0.6,There will be rain today,1018,88,10.07,7.14,120,12.64,100,1.0,1.32,12.76,11.81,13.35,12.12,11.97,12.82,12.39,11.87,11.7,12.64,24.66,42.5251,3.0832,Collioure,501,Rain,moderate rain,10d,2026-03-06 11:00:00,1,-3,0.14285714285714285,0.5
1772881200,1772864034,1772905432,1772922060,1772869080,0.63,Expect a day of partly cloudy with rain,1021,78,10.83,4.63,141,5.67,100,1.0,1.68,15.36,10.61,16.67,10.61,14.36,12.04,14.99,10.05,13.86,11.86,12.73,42.5251,3.0832,Collioure,501,Rain,moderate rain,10d,2026-03-07 11:00:00,1,-2,0.14285714285714285,0.5
1772967600,1772950333,1772991903,0,1772956980,0.66,Expect a day of partly cloudy with clear spells,1023,59,6.93,5.79,146,7.66,33,0.0,2.85,15.65,9.74,15.87,11.14,11.85,9.74,14.81,10.58,11.39,8.28,,42.5251,3.0832,Collioure,802,Clouds,scattered clouds,03d,2026-03-08 11:00:00,3,3,0.14285714285714285,0.5
1773054000,1773036631,1773078374,1773012360,1773045120,0.69,Expect a day of partly cloudy with clear spells,1022,55,6.14,6.74,154,9.36,0,0.0,3.59,16.18,8.8,16.4,10.28,11.97,8.8,15.29,9.64,11.29,7.99,,42.5251,3.0832,Collioure,800,Clear,clear sky,01d,2026-03-09 11:00:00,5,6,0.14285714285714285,0.5
1773140400,1773122928,1773164845,1773102660,1773133620,0.72,"There will be partly cloudy until morning, then rain",1022,80,11.16,5.46,146,8.83,100,1.0,4.0,15.46,11.06,15.46,13.18,13.21,12.31,15.15,13.03,13.09,12.05,7.23,42.5251,3.0832,Collioure,500,Rain,light rain,10d,2026-03-10 11:00:00,1,-1,0.14285714285714285,0.5
1773226800,1773209225,1773251315,1773192600,1773222660,0.75,There will be rain today,1026,81,11.12,3.8,148,6.04,100,0.96,4.0,15.18,12.0,15.18,12.09,12.49,12.28,14.87,11.84,12.2,12.02,3.42,42.5251,3.0832,Collioure,500,Rain,light rain,10d,2026-03-11 11:00:00,1,0,0.14285714285714285,0.5
1772708400,1772690912,1772731877,1772740800,1772693220,0.57,There will be partly cloudy today,1018,46,4.69,8.69,91,14.75,100,0.0,2.18,15.87,7.71,17.24,14.16,15.12,8.11,14.71,13.07,14.02,5.41,,43.5298,5.4475,Aix en Provence,804,Clouds,overcast clouds,04d,2026-03-05 11:00:00,2,1,0.0,0.46875
1772794800,1772777209,1772818352,1772831220,1772780700,0.6,There will be partly cloudy today,1019,50,5.68,7.34,114,13.5,100,0.06,2.07,16.47,13.33,17.75,13.71,15.45,13.74,15.48,12.89,14.54,12.76,,43.5298,5.4475,Aix en Provence,804,Clouds,overcast clouds,04d,2026-03-06 11:00:00,2,1,0.0,0.46875
1772881200,1772863505,1772904826,1772921640,1772868360,0.63,"You can expect partly cloudy in the morning, with rain in the afternoon",1023,55,6.61,6.77,130,11.37,100,1.0,1.74,15.83,12.6,16.22,12.6,14.02,12.9,14.9,11.87,13.15,12.2,1.07,43.5298,5.4475,Aix en Provence,500,Rain,light rain,10d,2026-03-07 11:00:00,1,0,0.0,0.46875
1772967600,1772949800,1772991301,0,1772956200,0.66,Expect a day of partly cloudy with rain,1025,48,5.43,7.22,124,11.3,91,1.0,2.76,16.85,11.28,16.85,12.18,12.96,11.53,15.84,11.52,12.24,10.7,2.52,43.5298,5.4475,Aix en Provence,500,Rain,light rain,10d,2026-03-08 11:00:00,1,-1,0.0,0.46875
1773054000,1773036095,1773077775,1773012000,1773044280,0.69,Expect a day of partly cloudy with rain,1025,83,8.35,5.28,117,11.29,100,1.0,1.2,11.44,10.6,13.33,11.53,12.17,11.38,10.81,10.64,11.43,10.69,19.94,43.5298,5.4475,Aix en Provence,501,Rain,moderate rain,10d,2026-03-09 11:00:00,1,-2,0.0,0.46875
1773140400,1773122390,1773164249,1773102300,1773132780,0.72,There will be partly cloudy today,1026,52,5.93,7.38,117,13.26,100,0.0,2.0,16.05,10.49,16.05,12.01,13.26,10.49,15.07,11.07,12.31,9.5,,43.5298,5.4475,Aix en Provence,804,Clouds,overcast clouds,04d,2026-03-10 11:00:00,2,1,0.0,0.46875
1773226800,1773208684,1773250722,1773192300,1773221760,0.75,Expect a day of partly cloudy with rain,1027,51,6.45,4.24,95,11.37,96,1.0,2.0,16.82,9.89,16.82,12.09,13.39,9.89,15.89,11.52,12.72,8.19,2.16,43.5298,5.4475,Aix en Provence,500,Rain,light rain,10d,2026-03-11 11:00:00,1,0,0.0,0.46875
1772708400,1772691085,1772732012,1772740980,1772693340,0.57,Expect a day of partly cloudy with rain,1019,46,5.62,7.13,135,10.77,89,0.98,2.42,17.27,7.09,20.12,12.85,16.54,7.37,16.25,12.33,15.56,7.37,0.77,43.9492,4.8059,Avignon,500,Rain,light rain,10d,2026-03-05 11:00:00,1,-1,0.0,0.46875
1772794800,1772777380,1772818488,1772831400,1772780820,0.6,Expect a day of partly cloudy with rain,1020,59,8.37,3.57,113,7.62,100,1.0,1.87,16.65,11.97,18.17,12.65,14.51,12.3,15.91,12.11,13.97,11.83,2.6,43.9492,4.8059,Avignon,500,Rain,light rain,10d,2026-03-06 11:00:00,1,0,0.0,0.46875
1772881200,1772863675,1772904964,1772921880,1772868480,0.63,"The day will start with partly cloudy through the late morning hours, transitioning to rain",1023,58,8.38,5.52,141,9.63,100,1.0,1.52,16.95,11.68,16.95,12.76,14.12,11.75,16.22,12.23,13.49,11.15,2.58,43.9492,4.8059,Avignon,500,Rain,light rain,10d,2026-03-07 11:00:00,1,0,0.0,0.46875
1772967600,1772949969,1772991440,0,1772956260,0.66,"There will be partly cloudy until morning, then rain",1025,53,7.88,6.17,163,12.85,97,1.0,2.02,17.64,11.8,17.64,13.05,13.01,11.8,16.84,12.37,12.56,11.05,6.07,43.9492,4.8059,Avignon,500,Rain,light rain,10d,2026-03-08 11:00:00,1,-1,0.0,0.46875
1773054000,1773036262,1773077916,1773012240,1773044340,0.69,There will be rain today,1025,85,9.29,6.64,107,11.54,100,1.0,0.64,11.8,11.16,12.3,12.19,11.32,11.71,11.25,11.53,10.94,11.21,43.87,43.9492,4.8059,Avignon,502,Rain,heavy intensity rain,10d,2026-03-09 11:00:00,1,-2,0.0,0.46875
1773140400,1773122555,1773164391,1773102600,1773132840,0.72,Expect a day of partly cloudy with rain,1025,53,7.36,7.42,139,12.42,100,0.45,1.0,17.33,9.93,17.33,12.25,13.92,9.93,16.5,11.28,13.09,9.93,0.3,43.9492,4.8059,Avignon,500,Rain,light rain,10d,2026-03-10 11:00:00,1,-1,0.0,0.46875
1773226800,1773208848,1773250866,1773192600,1773221820,0.75,"You can expect partly cloudy in the morning, with rain in the afternoon",1027,50,7.38,4.87,191,4.87,71,0.57,1.0,18.23,9.07,18.23,11.55,13.16,9.07,17.41,10.95,12.54,9.07,0.75,43.9492,4.8059,Avignon,500,Rain,light rain,10d,2026-03-11 11:00:00,1,5,0.0,0.46875
1772712000,1772691641,1772732635,1772741580,1772693940,0.57,Expect a day of partly cloudy with rain,1017,90,10.41,9.11,106,15.33,100,1.0,1.78,12.7,11.88,15.2,12.32,12.06,14.33,12.38,12.06,11.83,14.14,11.14,43.213,2.3491,Carcassonne,501,Rain,moderate rain,10d,2026-03-05 12:00:00,1,-3,0.0,0.46875
1772798400,1772777939,1772819109,1772831940,1772781480,0.6,Expect a day of partly cloudy with rain,1018,92,9.48,8.55,111,16.69,100,1.0,1.0,11.52,10.66,13.32,10.66,10.83,11.96,11.13,10.26,10.37,11.72,9.63,43.213,2.3491,Carcassonne,501,Rain,moderate rain,10d,2026-03-06 12:00:00,1,-2,0.0,0.46875
1772884800,1772864236,1772905583,1772922360,1772869140,0.63,Expect a day of partly cloudy with rain,1020,93,10.94,7.03,97,11.87,100,1.0,1.32,12.8,10.38,13.5,10.38,11.9,11.07,12.56,9.93,11.55,10.77,4.16,43.213,2.3491,Carcassonne,500,Rain,light rain,10d,2026-03-07 12:00:00,1,-1,0.0,0.46875
1772971200,1772950532,1772992056,0,1772957040,0.66,Expect a day of partly cloudy with clear spells,1021,57,6.54,6.78,98,10.9,7,0.05,3.2,15.69,8.9,15.7,9.86,11.42,8.9,14.8,8.42,10.89,6.22,,43.213,2.3491,Carcassonne,800,Clear,clear sky,01d,2026-03-08 12:00:00,5,6,0.0,0.46875
1773057600,1773036828,1773078529,1773012720,1773045120,0.69,"There will be clear sky until morning, then partly cloudy",1021,62,7.19,6.66,81,11.64,69,0.0,3.59,15.03,9.29,15.57,10.54,11.5,9.79,14.21,9.9,10.77,9.55,,43.213,2.3491,Carcassonne,803,Clouds,broken clouds,04d,2026-03-09 12:00:00,2,2,0.0,0.46875
1773144000,1773123123,1773165002,1773103020,1773133620,0.72,Expect a day of partly cloudy with rain,1020,70,10.25,9.64,100,14.69,77,0.36,4.0,16.41,10.72,16.41,12.47,12.72,11.48,15.93,12.2,12.42,11.06,0.24,43.213,2.3491,Carcassonne,500,Rain,light rain,10d,2026-03-10 12:00:00,1,-1,0.0,0.46875
1773230400,1773209418,1773251475,1773193020,1773222660,0.75,Expect a day of partly cloudy with rain,1025,75,9.97,7.23,109,13.23,100,1.0,4.0,14.94,10.62,15.16,10.62,11.84,12.24,14.45,10.22,11.43,11.84,3.42,43.213,2.3491,Carcassonne,500,Rain,light rain,10d,2026-03-11 12:00:00,1,-1,0.0,0.46875
1772708400,1772690919,1772731732,1772740860,1772693100,0.57,There will be partly cloudy today,1018,43,4.0,1.73,316,1.96,95,0.04,2.26,16.3,10.03,20.28,12.56,15.84,10.24,15.11,12.12,15.33,9.17,,45.1876,5.7358,Grenoble,804,Clouds,overcast clouds,04d,2026-03-05 11:00:00,2,2,0.0,0.46875
1772794800,1772777210,1772818212,1772831340,1772780520,0.6,"There will be rain until morning, then partly cloudy",1019,58,5.55,1.83,318,1.91,99,0.34,2.0,16.39,11.01,17.55,12.44,14.55,11.58,15.6,11.93,14.02,11.01,0.36,45.1876,5.7358,Grenoble,500,Rain,light rain,10d,2026-03-06 11:00:00,1,0,0.0,0.46875
1772881200,1772863500,1772904692,1772921880,1772868060,0.63,"The day will start with partly cloudy through the late morning hours, transitioning to rain",1022,65,8.2,1.77,304,1.73,97,1.0,2.01,17.59,10.97,17.85,12.88,13.92,11.12,17.1,12.65,13.64,10.53,4.39,45.1876,5.7358,Grenoble,500,Rain,light rain,10d,2026-03-07 11:00:00,1,0,0.0,0.46875
1772967600,1772949790,1772991172,0,1772955780,0.66,There will be rain today,1023,53,5.5,1.43,289,1.82,89,0.83,2.55,17.85,10.65,17.85,10.65,12.42,11.12,17.07,10.2,11.86,10.69,2.91,45.1876,5.7358,Grenoble,500,Rain,light rain,10d,2026-03-08 11:00:00,1,0,0.0,0.46875
1773054000,1773036080,1773077652,1773012300,1773043800,0.69,"The day will start with partly cloudy through the late morning hours, transitioning to rain",1024,78,6.7,2.38,244,3.03,91,1.0,1.99,13.21,9.66,13.43,9.92,9.66,9.78,12.62,9.42,9.38,9.78,10.56,45.1876,5.7358,Grenoble,501,Rain,moderate rain,10d,2026-03-09 11:00:00,1,-2,0.0,0.46875
1773140400,1773122369,1773164131,1773102720,1773132240,0.72,Expect a day of partly cloudy with rain,1024,56,6.27,1.8,154,2.88,78,1.0,2.0,17.83,8.95,17.83,10.75,12.34,8.95,17.13,10.2,11.82,8.95,2.55,45.1876,5.7358,Grenoble,500,Rain,light rain,10d,2026-03-10 11:00:00,1,0,0.0,0.46875
1773226800,1773208658,1773250610,1773192780,1773221220,0.75,"You can expect partly cloudy in the morning, with rain in the afternoon",1025,47,3.75,1.66,288,2.8,100,0.64,2.0,17.66,8.79,17.66,10.9,11.66,8.79,16.71,10.5,11.18,8.35,1.08,45.1876,5.7358,Grenoble,500,Rain,light rain,10d,2026-03-11 11:00:00,1,0,0.0,0.46875
1772712000,1772692616,1772733340,1772742660,1772694660,0.57,Expect a day of partly cloudy with rain,1014,79,10.26,7.62,138,12.71,59,0.49,2.09,13.83,7.24,14.6,11.22,12.82,7.37,13.33,10.75,12.43,3.9,0.22,46.1597,-1.1516,La Rochelle,500,Rain,light rain,10d,2026-03-05 12:00:00,1,-1,-0.14285714285714285,0.4375
1772798400,1772778904,1772819824,1772833200,1772782080,0.6,Expect a day of partly cloudy with rain,1018,77,9.84,6.44,112,10.85,100,1.0,1.89,13.78,10.81,14.36,11.31,12.17,11.42,13.22,10.79,11.66,10.89,4.54,46.1597,-1.1516,La Rochelle,501,Rain,moderate rain,10d,2026-03-06 12:00:00,1,0,-0.14285714285714285,0.4375
1772884800,1772865191,1772906307,1772923800,1772869560,0.63,Expect a day of partly cloudy with rain,1021,82,9.71,5.12,81,9.94,99,1.0,1.83,12.79,10.52,13.68,11.82,12.8,10.68,12.27,11.41,12.33,10.31,1.1,46.1597,-1.1516,La Rochelle,500,Rain,light rain,10d,2026-03-07 12:00:00,1,0,-0.14285714285714285,0.4375
1772971200,1772951478,1772992791,0,1772957280,0.66,Expect a day of partly cloudy with rain,1021,89,10.13,4.48,146,9.14,98,0.78,1.95,11.89,10.05,11.89,10.06,10.62,10.44,11.46,9.31,9.96,10.05,1.93,46.1597,-1.1516,La Rochelle,500,Rain,light rain,10d,2026-03-08 12:00:00,1,0,-0.14285714285714285,0.4375
1773057600,1773037764,1773079273,1773014280,1773045300,0.69,Expect a day of partly cloudy with rain,1020,75,7.84,6.56,150,10.32,79,0.7,2.44,12.17,8.59,12.57,10.63,11.13,8.59,11.4,10.12,10.57,5.26,1.6,46.1597,-1.1516,La Rochelle,500,Rain,light rain,10d,2026-03-09 12:00:00,1,0,-0.14285714285714285,0.4375
1773144000,1773124049,1773165756,1773104700,1773133620,0.72,"There will be rain until morning, then partly cloudy",1021,78,9.35,4.23,78,7.14,80,0.2,3.0,13.16,9.11,13.41,11.46,12.47,9.11,12.57,10.93,11.94,6.82,0.12,46.1597,-1.1516,La Rochelle,500,Rain,light rain,10d,2026-03-10 12:00:00,1,0,-0.14285714285714285,0.4375
1773230400,1773210335,1773252238,1773194820,1773222600,0.75,Expect a day of partly cloudy with rain,1026,80,7.91,4.83,254,6.66,100,0.2,3.0,11.39,10.33,11.39,10.33,10.7,10.54,10.67,9.59,10.23,10.1,0.15,46.1597,-1.1516,La Rochelle,500,Rain,light rain,10d,2026-03-11 12:00:00,1,0,-0.14285714285714285,0.4375
1772712000,1772691875,1772732835,1772741820,1772694180,0.57,Expect a day of partly cloudy with rain,1014,80,10.57,11.12,121,20.57,100,0.43,1.83,14.1,12.21,15.32,13.12,12.6,13.87,13.65,12.6,12.11,13.4,0.45,43.6045,1.4442,Toulouse,500,Rain,light rain,10d,2026-03-05 12:00:00,1,-1,-0.14285714285714285,0.4375
1772798400,1772778172,1772819310,1772832240,1772781660,0.6,Expect a day of partly cloudy with rain,1017,81,8.93,10.07,112,18.43,100,0.87,1.08,12.35,11.47,13.72,11.52,11.85,12.3,11.76,10.74,11.05,11.88,1.64,43.6045,1.4442,Toulouse,500,Rain,light rain,10d,2026-03-06 12:00:00,1,-1,-0.14285714285714285,0.4375
1772884800,1772864467,1772905785,1772922660,1772869320,0.63,Expect a day of partly cloudy with rain,1020,86,10.2,6.86,120,14.17,100,1.0,0.95,12.75,10.4,13.87,10.4,12.16,11.14,12.33,9.82,11.62,10.61,2.19,43.6045,1.4442,Toulouse,500,Rain,light rain,10d,2026-03-07 12:00:00,1,0,-0.14285714285714285,0.4375
1772971200,1772950763,1772992260,0,1772957160,0.66,Expect a day of partly cloudy with rain,1022,62,6.91,4.48,133,8.73,28,0.6,3.13,14.21,7.34,16.38,9.52,11.64,7.34,13.31,8.26,10.87,5.28,0.78,43.6045,1.4442,Toulouse,500,Rain,light rain,10d,2026-03-08 12:00:00,1,1,-0.14285714285714285,0.4375
1773057600,1773037057,1773078734,1773013020,1773045300,0.69,Expect a day of partly cloudy with rain,1021,62,7.71,5.01,116,10.98,6,0.37,3.47,15.11,7.16,16.54,11.2,12.35,7.16,14.3,10.28,11.44,6.21,0.1,43.6045,1.4442,Toulouse,500,Rain,light rain,10d,2026-03-09 12:00:00,1,1,-0.14285714285714285,0.4375
1773144000,1773123351,1773165208,1773103320,1773133740,0.72,Expect a day of partly cloudy with rain,1019,60,9.04,8.09,133,15.6,90,0.65,4.0,17.05,10.82,17.05,12.49,13.58,11.12,16.38,12.01,13.08,10.59,0.6,43.6045,1.4442,Toulouse,500,Rain,light rain,10d,2026-03-10 12:00:00,1,-1,-0.14285714285714285,0.4375
1773230400,1773209645,1773251682,1773193380,1773222780,0.75,Expect a day of partly cloudy with rain,1026,79,8.73,5.28,131,10.74,99,0.2,4.0,12.4,8.99,12.46,11.58,11.7,8.99,11.76,11.14,11.22,7.77,0.12,43.6045,1.4442,Toulouse,500,Rain,light rain,10d,2026-03-11 12:00:00,1,0,-0.14285714285714285,0.4375
1772712000,1772692570,1772733541,1772742540,1772694900,0.57,"You can expect partly cloudy in the morning, with rain in the afternoon",1014,62,9.43,5.17,297,7.66,93,0.91,2.31,17.1,10.83,17.1,11.87,12.08,10.98,16.48,11.59,11.8,10.38,0.87,43.4945,-1.4737,Bayonne,500,Rain,light rain,10d,2026-03-05 12:00:00,1,0,-0.42857142857142855,0.375
1772798400,1772778867,1772820016,1772832960,1772782380,0.6,Expect a day of partly cloudy with rain,1017,96,11.18,6.42,282,9.91,100,1.0,1.33,12.04,11.31,12.26,11.41,11.35,11.59,11.81,11.17,11.07,11.34,12.69,43.4945,-1.4737,Bayonne,502,Rain,heavy intensity rain,10d,2026-03-06 12:00:00,1,-2,-0.42857142857142855,0.375
1772884800,1772865163,1772906490,1772923380,1772870040,0.63,Expect a day of partly cloudy with rain,1021,91,9.1,7.76,244,12.12,100,1.0,0.46,10.69,9.73,11.3,10.45,10.07,10.36,10.19,10.01,9.59,9.85,2.4,43.4945,-1.4737,Bayonne,500,Rain,light rain,10d,2026-03-07 12:00:00,1,-1,-0.42857142857142855,0.375
1772971200,1772951458,1772992965,0,1772957880,0.66,Expect a day of partly cloudy with rain,1021,56,6.47,2.67,164,4.81,83,0.94,3.19,15.35,8.03,15.35,9.73,11.77,8.37,14.4,8.39,10.99,7.0,1.82,43.4945,-1.4737,Bayonne,500,Rain,light rain,10d,2026-03-08 12:00:00,1,0,-0.42857142857142855,0.375
1773057600,1773037753,1773079439,1773013740,1773046020,0.69,Expect a day of partly cloudy with rain,1019,54,6.91,3.18,133,6.3,97,0.91,2.77,16.46,8.17,16.46,10.64,12.28,8.98,15.57,10.21,11.68,7.18,1.38,43.4945,-1.4737,Bayonne,500,Rain,light rain,10d,2026-03-09 12:00:00,1,0,-0.42857142857142855,0.375
1773144000,1773124048,1773165912,1773104040,1773134520,0.72,"There will be rain until morning, then partly cloudy",1021,75,9.16,3.88,332,4.3,100,0.75,3.0,13.8,9.86,13.8,11.01,11.11,9.86,13.19,10.44,10.55,9.86,0.12,43.4945,-1.4737,Bayonne,500,Rain,light rain,10d,2026-03-10 12:00:00,1,0,-0.42857142857142855,0.375
1773230400,1773210342,1773252386,1773194040,1773223500,0.75,"There will be partly cloudy until morning, then rain",1027,90,10.18,3.23,352,4.83,100,0.68,3.0,11.88,9.92,12.78,10.98,11.22,9.92,11.47,10.54,10.83,9.06,1.59,43.4945,-1.4737,Bayonne,500,Rain,light rain,10d,2026-03-11 12:00:00,1,0,-0.42857142857142855,0.375
1772708400,1772690876,1772731868,1772740740,1772693220,0.57,There will be partly cloudy today,1018,56,7.06,13.11,89,19.0,100,0.0,1.71,15.34,8.8,16.69,14.56,15.06,9.11,14.39,13.64,14.14,4.92,,43.214,5.5396,Cassis,804,Clouds,overcast clouds,04d,2026-03-05 11:00:00,2,1,-0.42857142857142855,0.375
1772794800,1772777174,1772818342,1772831160,1772780760,0.6,"You can expect partly cloudy in the morning, with rain in the afternoon",1019,61,8.26,12.49,99,17.64,100,1.0,1.66,15.53,12.8,15.56,12.8,15.2,14.05,14.73,12.36,14.42,13.29,1.53,43.214,5.5396,Cassis,501,Rain,moderate rain,10d,2026-03-06 11:00:00,1,-1,-0.42857142857142855,0.375
1772881200,1772863471,1772904816,1772921580,1772868360,0.63,Expect a day of partly cloudy with rain,1023,69,9.07,9.0,134,13.56,100,1.0,1.69,14.64,12.73,14.71,13.21,13.18,12.73,13.96,12.57,12.59,12.2,2.53,43.214,5.5396,Cassis,500,Rain,light rain,10d,2026-03-07 11:00:00,1,-1,-0.42857142857142855,0.375
1772967600,1772949767,1772991290,0,1772956200,0.66,Expect a day of partly cloudy with rain,1025,60,8.25,9.18,128,11.29,63,1.0,3.11,15.81,12.32,15.81,12.73,12.9,12.32,15.01,12.2,12.39,11.62,3.89,43.214,5.5396,Cassis,500,Rain,light rain,10d,2026-03-08 11:00:00,1,-1,-0.42857142857142855,0.375
1773054000,1773036063,1773077763,1773011880,1773044340,0.69,"You can expect rain in the morning, with partly cloudy in the afternoon",1025,82,9.8,8.03,120,11.18,100,1.0,0.58,12.57,11.37,14.03,12.3,12.95,12.17,12.02,11.65,12.39,11.58,23.11,43.214,5.5396,Cassis,502,Rain,heavy intensity rain,10d,2026-03-09 11:00:00,1,-3,-0.42857142857142855,0.375
1773140400,1773122359,1773164236,1773102180,1773132840,0.72,There will be partly cloudy today,1026,64,8.59,9.77,114,13.55,100,0.0,1.0,15.19,11.91,15.19,12.55,13.78,12.01,14.44,11.82,13.07,11.15,,43.214,5.5396,Cassis,804,Clouds,overcast clouds,04d,2026-03-10 11:00:00,2,1,-0.42857142857142855,0.375
1773226800,1773208653,1773250708,1773192240,1773221880,0.75,There will be partly cloudy today,1027,66,9.13,7.02,144,11.84,100,0.24,1.0,15.39,11.56,15.39,13.05,13.42,11.56,14.71,12.58,12.85,10.83,,43.214,5.5396,Cassis,804,Clouds,overcast clouds,04d,2026-03-11 11:00:00,2,1,-0.42857142857142855,0.375
1772712000,1772692590,1772733562,1772742540,1772694900,0.57,"You can expect partly cloudy in the morning, with rain in the afternoon",1014,68,9.6,5.24,256,7.27,94,0.96,2.27,15.67,11.34,16.0,11.98,12.21,11.49,15.07,11.71,11.94,10.89,1.03,43.4833,-1.5593,Biarritz,500,Rain,light rain,10d,2026-03-05 12:00:00,1,0,-0.5714285714285714,0.34375
1772798400,1772778887,1772820037,1772832960,1772782440,0.6,Expect a day of partly cloudy with rain,1017,96,10.96,7.54,284,9.94,100,1.0,0.97,11.76,11.43,12.18,11.52,11.44,11.73,11.5,11.26,11.12,11.44,12.25,43.4833,-1.5593,Biarritz,501,Rain,moderate rain,10d,2026-03-06 12:00:00,1,-3,-0.5714285714285714,0.34375
1772884800,1772865183,1772906511,1772923380,1772870100,0.63,Expect a day of partly cloudy with rain,1021,89,8.93,9.49,248,12.46,100,1.0,0.73,10.77,10.23,11.41,10.8,10.44,10.65,10.23,10.34,9.94,10.15,3.09,43.4833,-1.5593,Biarritz,500,Rain,light rain,10d,2026-03-07 12:00:00,1,-1,-0.5714285714285714,0.34375
1772971200,1772951478,1772992985,0,1772957940,0.66,Expect a day of partly cloudy with rain,1021,61,6.81,3.41,181,4.18,85,1.0,3.12,14.45,8.55,14.53,10.26,12.42,8.65,13.54,9.46,11.62,7.19,1.95,43.4833,-1.5593,Biarritz,500,Rain,light rain,10d,2026-03-08 12:00:00,1,0,-0.5714285714285714,0.34375
1773057600,1773037773,1773079459,1773013740,1773046020,0.69,"You can expect partly cloudy in the morning, with rain in the afternoon",1019,59,7.23,3.69,137,5.2,97,0.95,2.4,15.43,8.99,15.43,11.16,12.38,9.67,14.57,10.71,11.84,7.74,2.01,43.4833,-1.5593,Biarritz,500,Rain,light rain,10d,2026-03-09 12:00:00,1,0,-0.5714285714285714,0.34375
1773144000,1773124068,1773165933,1773104040,1773134520,0.72,"There will be rain until morning, then partly cloudy",1021,78,9.3,4.04,336,4.24,100,0.85,3.0,13.21,10.32,13.21,11.24,11.32,10.32,12.62,10.64,10.75,9.76,0.12,43.4833,-1.5593,Biarritz,500,Rain,light rain,10d,2026-03-10 12:00:00,1,0,-0.5714285714285714,0.34375
1773230400,1773210362,1773252407,1773194100,1773223560,0.75,"There will be partly cloudy until morning, then rain",1027,93,10.25,4.18,357,5.39,100,0.68,3.0,11.44,10.16,12.27,11.34,11.31,10.16,11.07,10.88,10.9,9.61,1.98,43.4833,-1.5593,Biarritz,500,Rain,light rain,10d,2026-03-11 12:00:00,1,0,-0.5714285714285714,0.34375
1772708400,1772690681,1772731678,1772740560,1772692980,0.57,Expect a day of partly cloudy with rain,1020,65,8.26,13.08,76,18.08,100,0.2,1.73,13.92,8.56,14.38,13.58,13.81,8.56,13.06,12.74,12.97,3.99,0.23,43.1507,6.3419,Bormes les Mimosas,500,Rain,light rain,10d,2026-03-05 11:00:00,1,-1,-0.5714285714285714,0.34375
1772794800,1772776979,1772818152,1772830920,1772780520,0.6,Expect a day of partly cloudy with rain,1019,65,8.56,10.71,93,15.42,100,1.0,2.04,14.64,12.68,14.64,13.24,13.44,13.06,13.86,12.68,12.72,12.38,1.4,43.1507,6.3419,Bormes les Mimosas,500,Rain,light rain,10d,2026-03-06 11:00:00,1,-1,-0.5714285714285714,0.34375
1772881200,1772863276,1772904626,1772921340,1772868180,0.63,Expect a day of partly cloudy with rain,1024,69,9.32,8.23,79,13.57,99,1.0,1.79,14.54,11.33,14.54,11.33,12.56,12.69,13.85,10.82,11.88,12.1,5.96,43.1507,6.3419,Bormes les Mimosas,500,Rain,light rain,10d,2026-03-07 11:00:00,1,-2,-0.5714285714285714,0.34375
1772967600,1772949573,1772991099,0,1772956020,0.66,Expect a day of partly cloudy with rain,1026,71,9.25,7.11,84,9.27,99,0.92,3.06,14.07,11.07,14.07,11.76,11.72,11.07,13.39,11.26,11.17,10.35,1.22,43.1507,6.3419,Bormes les Mimosas,500,Rain,light rain,10d,2026-03-08 11:00:00,1,-1,-0.5714285714285714,0.34375
1773054000,1773035869,1773077572,1773011700,1773044160,0.69,"You can expect rain in the morning, with partly cloudy in the afternoon",1026,78,9.26,5.77,84,9.3,100,0.95,0.37,12.58,10.69,13.23,10.69,11.12,11.69,11.93,10.11,10.51,11.11,2.43,43.1507,6.3419,Bormes les Mimosas,500,Rain,light rain,10d,2026-03-09 11:00:00,1,0,-0.5714285714285714,0.34375
1773140400,1773122164,1773164045,1773102000,1773132660,0.72,Expect a day of partly cloudy with rain,1027,73,9.44,8.48,85,12.14,100,0.2,1.0,13.8,10.3,13.8,11.01,11.48,11.03,13.14,10.49,11.01,10.43,0.12,43.1507,6.3419,Bormes les Mimosas,500,Rain,light rain,10d,2026-03-10 11:00:00,1,-1,-0.5714285714285714,0.34375
1773226800,1773208460,1773250517,1773192000,1773221640,0.75,There will be partly cloudy today,1028,72,9.72,6.97,77,8.45,100,0.0,1.0,14.24,9.93,14.24,10.86,11.69,9.93,13.6,10.4,11.19,7.41,,43.1507,6.3419,Bormes les Mimosas,804,Clouds,overcast clouds,04d,2026-03-11 11:00:00,2,2,-0.5714285714285714,0.34375
1772708400,1772690921,1772731905,1772740800,1772693220,0.57,There will be partly cloudy today,1018,53,7.05,11.52,103,17.82,100,0.0,2.06,16.54,9.27,17.74,15.64,16.24,9.78,15.63,14.77,15.38,6.48,,43.2962,5.37,Marseille,804,Clouds,overcast clouds,04d,2026-03-05 11:00:00,2,1,-0.7142857142857143,0.3125
1772794800,1772777218,1772818380,1772831220,1772780760,0.6,"You can expect partly cloudy in the morning, with rain in the afternoon",1019,61,8.52,12.26,105,17.1,100,0.76,1.65,16.38,13.87,16.49,13.87,16.4,15.14,15.67,13.48,15.64,14.43,0.86,43.2962,5.37,Marseille,500,Rain,light rain,10d,2026-03-06 11:00:00,1,-1,-0.7142857142857143,0.3125
1772881200,1772863515,1772904854,1772921640,1772868420,0.63,Expect a day of partly cloudy with rain,1023,71,9.59,9.06,138,14.33,100,0.9,1.42,15.13,13.91,15.48,14.24,14.1,13.91,14.55,13.7,13.6,13.45,1.3,43.2962,5.37,Marseille,500,Rain,light rain,10d,2026-03-07 11:00:00,1,-1,-0.7142857142857143,0.3125
1772967600,1772949811,1772991328,0,1772956260,0.66,Expect a day of partly cloudy with rain,1025,61,8.49,9.86,135,12.16,63,1.0,2.97,16.46,13.63,16.46,13.79,13.71,13.63,15.75,13.31,13.3,12.98,3.75,43.2962,5.37,Marseille,500,Rain,light rain,10d,2026-03-08 11:00:00,1,-1,-0.7142857142857143,0.3125
1773054000,1773036106,1773077801,1773011940,1773044400,0.69,"You can expect rain in the morning, with partly cloudy in the afternoon",1025,84,10.28,8.36,122,12.19,100,1.0,0.28,13.19,12.23,14.61,13.68,14.15,13.11,12.76,13.09,13.63,12.64,26.97,43.2962,5.37,Marseille,501,Rain,moderate rain,10d,2026-03-09 11:00:00,1,-3,-0.7142857142857143,0.3125
1773140400,1773122402,1773164274,1773102240,1773132900,0.72,There will be partly cloudy today,1026,63,8.72,10.02,121,13.79,100,0.0,1.0,16.0,13.25,16.0,14.19,15.12,13.33,15.3,13.47,14.41,12.49,,43.2962,5.37,Marseille,804,Clouds,overcast clouds,04d,2026-03-10 11:00:00,2,1,-0.7142857142857143,0.3125
1773226800,1773208696,1773250747,1773192300,1773221880,0.75,Expect a day of partly cloudy with rain,1027,68,9.56,7.41,147,12.76,99,0.46,1.0,15.92,12.89,15.92,14.12,14.41,12.89,15.34,13.73,13.94,12.22,0.27,43.2962,5.37,Marseille,500,Rain,light rain,10d,2026-03-11 11:00:00,1,-1,-0.7142857142857143,0.3125
1772708400,1772691180,1772732102,1772741100,1772693460,0.57,Expect a day of partly cloudy with rain,1019,48,5.98,6.55,140,9.88,93,0.99,2.44,16.91,6.93,18.77,12.03,12.8,7.4,15.91,11.46,12.28,6.84,0.55,44.0121,4.4197,Uzes,500,Rain,light rain,10d,2026-03-05 11:00:00,1,0,-0.7142857142857143,0.3125
1772794800,1772777475,1772818579,1772831520,1772780940,0.6,Expect a day of partly cloudy with rain,1020,66,9.16,4.34,127,8.57,100,1.0,1.78,15.55,10.87,16.8,10.87,13.18,11.7,14.88,10.31,12.67,11.15,3.58,44.0121,4.4197,Uzes,500,Rain,light rain,10d,2026-03-06 11:00:00,1,0,-0.7142857142857143,0.3125
1772881200,1772863770,1772905055,1772922000,1772868540,0.63,Expect a day of partly cloudy with rain,1023,75,9.83,4.45,159,11.34,100,1.0,0.52,14.43,10.81,14.47,10.96,11.71,11.45,13.89,10.57,11.29,10.84,5.23,44.0121,4.4197,Uzes,500,Rain,light rain,10d,2026-03-07 11:00:00,1,-1,-0.7142857142857143,0.3125
1772967600,1772950064,1772991531,0,1772956320,0.66,Expect a day of partly cloudy with rain,1025,71,9.43,6.22,144,13.13,97,1.0,0.31,14.81,10.61,14.81,11.35,11.19,10.61,14.2,10.94,10.82,10.02,13.15,44.0121,4.4197,Uzes,501,Rain,moderate rain,10d,2026-03-08 11:00:00,1,-2,-0.7142857142857143,0.3125
1773054000,1773036357,1773078006,1773012360,1773044460,0.69,There will be rain today,1025,92,9.36,6.41,128,11.56,100,1.0,0.12,10.91,10.04,11.98,11.09,10.51,10.04,10.46,10.66,10.12,9.68,29.65,44.0121,4.4197,Uzes,501,Rain,moderate rain,10d,2026-03-09 11:00:00,1,-2,-0.7142857142857143,0.3125
1773140400,1773122650,1773164482,1773102720,1773132900,0.72,Expect a day of partly cloudy with rain,1025,69,9.4,6.18,159,11.8,100,0.94,1.0,15.21,10.01,15.21,10.68,11.64,10.01,14.59,10.0,11.03,9.26,0.75,44.0121,4.4197,Uzes,500,Rain,light rain,10d,2026-03-10 11:00:00,1,0,-0.7142857142857143,0.3125
1773226800,1773208942,1773250957,1773192720,1773221880,0.75,Expect a day of partly cloudy with rain,1027,62,8.94,5.18,186,5.47,57,1.0,1.0,16.24,8.6,16.53,10.25,11.49,8.6,15.54,9.68,10.94,8.6,1.11,44.0121,4.4197,Uzes,500,Rain,light rain,10d,2026-03-11 11:00:00,1,0,-0.7142857142857143,0.3125
1772708400,1772691187,1772732124,1772741100,1772693460,0.57,Expect a day of partly cloudy with rain,1019,45,5.51,4.82,160,7.44,99,0.94,2.21,17.44,7.61,18.96,12.88,14.32,7.93,16.41,12.23,13.74,6.69,0.33,43.8374,4.3601,Nimes,500,Rain,light rain,10d,2026-03-05 11:00:00,1,0,-1.1428571428571428,0.21875
1772794800,1772777482,1772818600,1772831520,1772780940,0.6,Expect a day of partly cloudy with rain,1020,61,8.8,4.74,161,8.84,100,1.0,1.49,16.36,11.23,16.93,12.05,14.02,11.56,15.64,11.63,13.46,11.02,6.83,43.8374,4.3601,Nimes,501,Rain,moderate rain,10d,2026-03-06 11:00:00,1,-1,-1.1428571428571428,0.21875
1772881200,1772863777,1772905076,1772921940,1772868600,0.63,Expect a day of partly cloudy with rain,1024,85,10.58,5.11,140,12.65,100,1.0,0.5,13.18,11.71,13.99,11.71,11.98,12.04,12.77,11.29,11.51,11.49,5.34,43.8374,4.3601,Nimes,500,Rain,light rain,10d,2026-03-07 11:00:00,1,-1,-1.1428571428571428,0.21875
1772967600,1772950072,1772991551,0,1772956380,0.66,There will be rain today,1025,70,9.28,6.68,181,13.1,93,1.0,1.0,14.88,10.68,14.88,12.04,11.97,10.68,14.25,11.65,11.55,10.26,14.63,43.8374,4.3601,Nimes,501,Rain,moderate rain,10d,2026-03-08 11:00:00,1,-2,-1.1428571428571428,0.21875
1773054000,1773036366,1773078026,1773012360,1773044520,0.69,There will be rain today,1025,93,10.55,7.34,130,12.48,100,1.0,0.27,11.76,11.38,13.35,12.21,11.73,11.46,11.42,11.78,11.36,11.17,19.99,43.8374,4.3601,Nimes,501,Rain,moderate rain,10d,2026-03-09 11:00:00,1,-3,-1.1428571428571428,0.21875
1773140400,1773122659,1773164501,1773102660,1773132960,0.72,Expect a day of partly cloudy with rain,1025,70,9.62,7.35,145,13.06,100,1.0,1.0,15.0,9.67,15.34,11.91,12.74,9.67,14.38,11.19,12.03,8.41,0.99,43.8374,4.3601,Nimes,500,Rain,light rain,10d,2026-03-10 11:00:00,1,-1,-1.1428571428571428,0.21875
1773226800,1773208952,1773250976,1773192660,1773221940,0.75,Expect a day of partly cloudy with rain,1027,57,8.63,5.48,173,5.84,51,0.57,1.0,17.24,9.05,17.24,10.98,12.29,9.05,16.51,10.46,11.74,7.85,0.27,43.8374,4.3601,Nimes,500,Rain,light rain,10d,2026-03-11 11:00:00,1,0,-1.1428571428571428,0.21875
1772708400,1772691153,1772732125,1772741040,1772693460,0.57,Expect a day of partly cloudy with rain,1019,62,7.98,10.3,136,15.85,100,0.3,2.12,15.32,12.05,15.86,13.82,15.0,12.06,14.53,13.19,14.28,11.33,0.15,43.4516,4.4277,Saintes Maries de la mer,500,Rain,light rain,10d,2026-03-05 11:00:00,1,-1,-1.8571428571428572,0.06249999999999997
1772794800,1772777450,1772818600,1772831460,1772781000,0.6,Expect a day of partly cloudy with rain,1019,72,9.81,10.32,117,16.29,100,1.0,1.73,14.73,12.02,14.79,12.39,13.59,12.92,14.14,12.11,13.2,12.49,10.35,43.4516,4.4277,Saintes Maries de la mer,501,Rain,moderate rain,10d,2026-03-06 11:00:00,1,-3,-1.8571428571428572,0.06249999999999997
1772881200,1772863746,1772905074,1772921880,1772868600,0.63,Expect a day of partly cloudy with rain,1023,92,11.19,10.61,120,15.14,100,1.0,0.42,12.51,12.22,12.99,12.99,12.91,12.47,12.22,12.62,12.55,12.15,12.82,43.4516,4.4277,Saintes Maries de la mer,501,Rain,moderate rain,10d,2026-03-07 11:00:00,1,-3,-1.8571428571428572,0.06249999999999997
1772967600,1772950042,1772991548,0,1772956440,0.66,There will be rain today,1025,84,10.77,10.56,132,13.97,86,1.0,2.77,13.36,12.64,13.36,13.26,12.82,12.94,12.94,12.91,12.53,12.54,18.92,43.4516,4.4277,Saintes Maries de la mer,501,Rain,moderate rain,10d,2026-03-08 11:00:00,1,-3,-1.8571428571428572,0.06249999999999997
1773054000,1773036337,1773078022,1773012240,1773044580,0.69,There will be rain today,1025,90,11.18,10.05,130,14.55,100,1.0,2.7,12.8,12.29,13.25,13.25,13.05,12.45,12.49,12.9,12.73,12.15,17.89,43.4516,4.4277,Saintes Maries de la mer,501,Rain,moderate rain,10d,2026-03-09 11:00:00,1,-3,-1.8571428571428572,0.06249999999999997
1773140400,1773122632,1773164496,1773102540,1773133080,0.72,"There will be rain until morning, then partly cloudy",1025,81,10.77,11.46,122,15.46,100,1.0,3.0,13.88,12.84,13.88,13.62,13.59,12.84,13.44,13.2,13.15,12.32,0.69,43.4516,4.4277,Saintes Maries de la mer,500,Rain,light rain,10d,2026-03-10 11:00:00,1,-1,-1.8571428571428572,0.06249999999999997
1773226800,1773208926,1773250969,1773192540,1773222060,0.75,There will be partly cloudy today,1027,80,10.86,7.81,127,11.49,69,0.04,3.0,14.17,12.21,14.17,12.67,12.94,12.21,13.73,12.26,12.59,11.71,,43.4516,4.4277,Saintes Maries de la mer,803,Clouds,broken clouds,04d,2026-03-11 11:00:00,2,1,-1.8571428571428572,0.06249999999999997
1772708400,1772691215,1772732177,1772741100,1772693520,0.57,Expect a day of partly cloudy with rain,1019,60,7.38,9.27,138,15.37,100,0.7,2.21,15.49,8.81,15.64,13.01,14.2,8.95,14.66,12.51,13.63,7.08,0.87,43.5662,4.1915,Aigues Mortes,500,Rain,light rain,10d,2026-03-05 11:00:00,1,-1,-2.142857142857143,0.0
1772794800,1772777512,1772818652,1772831520,1772781000,0.6,Expect a day of partly cloudy with rain,1019,74,9.98,8.14,118,12.58,100,1.0,1.49,14.66,11.87,14.66,12.15,13.74,11.87,14.11,11.85,13.31,11.46,12.3,43.5662,4.1915,Aigues Mortes,501,Rain,moderate rain,10d,2026-03-06 11:00:00,1,-3,-2.142857142857143,0.0
1772881200,1772863807,1772905127,1772921940,1772868660,0.63,There will be rain today,1023,91,11.15,9.52,116,13.79,100,1.0,0.5,12.56,11.9,12.85,12.77,12.69,12.15,12.25,12.4,12.39,11.85,17.96,43.5662,4.1915,Aigues Mortes,501,Rain,moderate rain,10d,2026-03-07 11:00:00,1,-3,-2.142857142857143,0.0
1772967600,1772950103,1772991601,0,1772956500,0.66,There will be rain today,1025,84,10.72,9.41,124,12.95,87,1.0,1.0,13.31,12.36,13.48,13.09,12.87,12.72,12.89,12.75,12.56,12.32,27.66,43.5662,4.1915,Aigues Mortes,501,Rain,moderate rain,10d,2026-03-08 11:00:00,1,-3,-2.142857142857143,0.0
1773054000,1773036397,1773078075,1773012300,1773044580,0.69,There will be rain today,1024,90,11.29,9.95,135,14.7,100,1.0,0.27,12.92,12.44,13.1,13.1,12.67,12.93,12.62,12.71,12.42,12.55,18.06,43.5662,4.1915,Aigues Mortes,500,Rain,light rain,10d,2026-03-09 11:00:00,1,-3,-2.142857142857143,0.0
1773140400,1773122692,1773164549,1773102660,1773133080,0.72,Expect a day of partly cloudy with rain,1025,82,10.86,10.85,123,14.81,100,1.0,1.0,13.83,12.43,14.13,13.39,13.43,12.43,13.41,13.0,12.94,11.92,2.1,43.5662,4.1915,Aigues Mortes,500,Rain,light rain,10d,2026-03-10 11:00:00,1,-1,-2.142857142857143,0.0
1773226800,1773208986,1773251023,1773192660,1773222060,0.75,Expect a day of partly cloudy with rain,1027,79,10.72,7.0,126,11.57,77,0.41,1.0,14.43,11.71,14.43,12.32,12.72,11.71,13.99,11.88,12.35,11.18,0.6,43.5662,4.1915,Aigues Mortes,500,Rain,light rain,10d,2026-03-11 11:00:00,1,-1,-2.142857142857143,0.0
